Date,3Y Bid,5Y Bid,10Y Bid
3/18/2026,6.65,6.91,7.09
3/17/2026,6.9,7.16,7.31
3/16/2026,7,7.2,7.31
3/13/2026,6.85,7.05,7.22
3/12/2026,6.66,6.78,6.96
3/11/2026,6.49,6.62,6.79
3/10/2026,6.42,6.58,6.75
3/9/2026,6.89,7.04,7.14
3/6/2026,6.37,6.41,6.64
3/5/2026,6.3,6.36,6.59
3/4/2026,6.45,6.5,6.7
3/3/2026,6.1,6.26,6.53
3/2/2026,6.06,6.2,6.49
2/27/2026,5.94,6.06,6.32
2/26/2026,5.98,6.09,6.32
2/25/2026,5.98,6.09,6.34
2/24/2026,5.98,6.09,6.36
2/23/2026,5.97,6.09,6.36
2/20/2026,5.99,6.13,6.39
2/19/2026,6.02,6.12,6.37
2/18/2026,6.04,6.15,6.4
2/17/2026,6.05,6.16,6.42
2/16/2026,6.06,6.19,6.45
2/13/2026,6.05,6.16,6.43
2/12/2026,6.09,6.22,6.46
2/11/2026,6.1,6.24,6.46
2/10/2026,6.1,6.27,6.48
2/9/2026,6.12,6.27,6.57
2/6/2026,6.13,6.27,6.6
2/5/2026,6.15,6.29,6.7
2/4/2026,6.14,6.3,6.71
2/3/2026,6.14,6.3,6.7
2/2/2026,6.18,6.31,6.7
1/30/2026,6.18,6.29,6.7
1/29/2026,6.19,6.29,6.7
1/28/2026,6.21,6.35,6.71
1/27/2026,6.22,6.38,6.73
1/26/2026,6.25,6.41,6.75
1/23/2026,6.24,6.43,6.74
1/22/2026,6.3,6.47,6.77
1/21/2026,6.31,6.5,6.8
1/20/2026,6.33,6.51,6.8
1/19/2026,6.31,6.46,6.77
1/16/2026,6.31,6.45,6.76
1/15/2026,6.31,6.48,6.75
1/14/2026,6.31,6.49,6.71
1/13/2026,6.32,6.47,6.7
1/12/2026,6.44,6.54,6.7
1/9/2026,6.46,6.61,6.71
1/8/2026,6.5,6.65,6.75
1/5/2026,6.59,6.75,6.81
12/31/2025,6.59,6.75,6.82
12/30/2025,6.59,6.75,6.83
12/29/2025,6.59,6.76,6.86
12/24/2025,6.59,6.76,6.86
12/23/2025,6.59,6.76,6.86
12/22/2025,6.6,6.79,6.87
12/19/2025,6.59,6.78,6.9
12/18/2025,6.6,6.81,6.93
12/17/2025,6.64,6.86,6.95
12/16/2025,6.64,6.88,6.95
12/15/2025,6.64,6.88,6.95
12/12/2025,6.63,6.86,6.95
12/11/2025,6.66,6.89,6.95
12/10/2025,6.66,6.92,6.95
12/9/2025,6.66,6.93,6.95
12/8/2025,6.73,6.94,6.99
12/5/2025,6.73,6.94,6.98
12/4/2025,6.74,6.94,7
12/3/2025,6.73,6.94,7
12/2/2025,6.73,6.92,7
11/28/2025,6.73,6.91,6.99
11/27/2025,6.74,6.91,6.97
11/26/2025,6.77,6.93,6.96
11/25/2025,6.76,6.94,6.95
11/24/2025,6.78,6.96,6.99
11/21/2025,6.81,6.99,7
11/20/2025,6.8,6.99,6.99
11/19/2025,6.8,7,7
11/18/2025,6.78,6.96,7
11/17/2025,6.8,6.96,7
11/14/2025,6.85,6.99,6.98
11/13/2025,6.81,6.91,6.94
11/12/2025,6.8,6.91,6.96
11/11/2025,6.8,6.92,6.97
11/10/2025,6.8,6.9,6.97
11/7/2025,6.8,6.9,6.95
11/6/2025,6.9,6.97,7
11/5/2025,6.94,6.98,7
11/4/2025,6.94,6.99,7
11/3/2025,6.94,7.03,7.04
10/31/2025,7,7.05,7.05
10/30/2025,7.03,7.11,7.06
10/29/2025,7.04,7.14,7.08
10/28/2025,7.1,7.21,7.11
10/27/2025,7.11,7.21,7.15
10/24/2025,7.15,7.22,7.12
10/23/2025,7.13,7.21,7.12
10/22/2025,7.16,7.22,7.14
10/21/2025,7.24,7.29,7.18
10/20/2025,7.21,7.3,7.19
10/17/2025,7.23,7.28,7.15
10/16/2025,7.24,7.32,7.18
10/15/2025,7.3,7.36,7.31
10/14/2025,7.33,7.38,7.33
10/13/2025,7.39,7.45,7.37
10/10/2025,7.4,7.45,7.41
10/9/2025,7.41,7.47,7.41
10/8/2025,7.44,7.49,7.45
10/7/2025,7.42,7.47,7.42
10/6/2025,7.4,7.44,7.38
10/3/2025,7.39,7.42,7.36
10/2/2025,7.39,7.44,7.34
10/1/2025,7.38,7.44,7.31
9/30/2025,7.39,7.43,7.33
9/29/2025,7.39,7.45,7.35
9/26/2025,7.39,7.44,7.35
9/25/2025,7.44,7.5,7.42
9/24/2025,7.44,7.5,7.41
9/23/2025,7.38,7.47,7.36
9/22/2025,7.37,7.51,7.41
9/19/2025,7.24,7.49,7.39
9/18/2025,7.25,7.48,7.37
9/17/2025,7.26,7.5,7.39
9/16/2025,7.27,7.51,7.4
9/15/2025,7.32,7.59,7.51
9/12/2025,7.38,7.65,7.62
9/11/2025,7.46,7.75,7.75
9/10/2025,7.36,7.67,7.66
9/9/2025,7.39,7.66,7.63
9/8/2025,7.37,7.6,7.6
9/5/2025,7.39,7.64,7.6
9/4/2025,7.39,7.65,7.64
9/3/2025,7.39,7.61,7.63
9/2/2025,7.35,7.59,7.55
9/1/2025,7.35,7.51,7.45
8/29/2025,7.31,7.53,7.45
8/28/2025,7.34,7.54,7.42
8/27/2025,7.33,7.54,7.4
8/26/2025,7.37,7.55,7.42
8/25/2025,7.37,7.54,7.41
8/22/2025,7.37,7.54,7.41
8/21/2025,7.37,7.55,7.4
8/20/2025,7.37,7.55,7.41
8/19/2025,7.38,7.54,7.41
8/18/2025,7.4,7.55,7.42
8/14/2025,7.35,7.51,7.37
8/13/2025,7.37,7.51,7.37
8/12/2025,7.34,7.49,7.35
8/11/2025,7.27,7.43,7.28
8/8/2025,7.27,7.43,7.27
8/7/2025,7.29,7.43,7.29
8/6/2025,7.29,7.43,7.29
8/5/2025,7.28,7.44,7.28
8/4/2025,7.27,7.42,7.29
8/1/2025,7.27,7.42,7.27
7/31/2025,7.28,7.43,7.27
7/30/2025,7.28,7.43,7.26
7/29/2025,7.26,7.43,7.27
7/28/2025,7.23,7.41,7.27
7/25/2025,7.22,7.38,7.25
7/24/2025,7.2,7.37,7.26
7/23/2025,7.21,7.39,7.26
7/22/2025,7.23,7.39,7.25
7/21/2025,7.22,7.4,7.24
7/18/2025,7.21,7.41,7.24
7/17/2025,7.21,7.38,7.2
7/16/2025,7.21,7.37,7.18
7/15/2025,7.23,7.37,7.18
7/14/2025,7.23,7.37,7.2
7/11/2025,7.21,7.36,7.2
7/10/2025,7.22,7.37,7.22
7/9/2025,7.22,7.32,7.2
7/8/2025,7.26,7.38,7.28
7/7/2025,7.35,7.42,7.35
7/4/2025,7.35,7.43,7.35
7/3/2025,7.35,7.44,7.41
7/2/2025,7.36,7.49,7.51
7/1/2025,7.33,7.48,7.51
6/30/2025,7.36,7.48,7.5
6/27/2025,7.33,7.5,7.5
6/26/2025,7.32,7.43,7.44
6/25/2025,7.31,7.39,7.41
6/24/2025,7.35,7.39,7.42
6/23/2025,7.34,7.41,7.44
6/20/2025,7.39,7.54,7.52
6/19/2025,7.39,7.51,7.48
6/18/2025,7.38,7.51,7.52
6/17/2025,7.41,7.56,7.6
6/16/2025,7.41,7.6,7.6
6/13/2025,7.4,7.58,7.6
6/12/2025,7.4,7.59,7.64
6/11/2025,7.42,7.59,7.6
6/10/2025,7.41,7.58,7.61
6/6/2025,7.42,7.6,7.62
6/5/2025,7.42,7.61,7.62
6/4/2025,7.46,7.62,7.65
6/3/2025,7.47,7.62,7.62
6/2/2025,7.46,7.6,7.62
5/30/2025,7.42,7.54,7.56
5/29/2025,7.36,7.52,7.56
5/28/2025,7.36,7.51,7.55
5/27/2025,7.36,7.5,7.51
5/26/2025,7.38,7.45,7.5
5/23/2025,7.59,7.62,7.54
5/22/2025,7.59,7.63,7.55
5/21/2025,7.61,7.62,7.6
5/20/2025,7.59,7.61,7.59
5/19/2025,7.55,7.54,7.41
5/16/2025,8.45,8.37,8.01
5/15/2025,8.48,8.4,8.03
5/14/2025,8.48,8.41,8.04
5/13/2025,8.53,8.46,8.06
5/12/2025,8.55,8.5,8.2
5/9/2025,8.79,8.76,8.54
5/8/2025,8.55,8.59,8.55
5/7/2025,7.89,8,8.14
5/6/2025,7.6,7.9,8.02
5/5/2025,7.46,7.77,7.86
5/2/2025,7.24,7.51,7.54
4/30/2025,7.2,7.48,7.51
4/29/2025,7.2,7.48,7.52
4/28/2025,7.19,7.48,7.52
4/25/2025,7.16,7.45,7.51
4/24/2025,7.15,7.48,7.55
4/23/2025,7.15,7.47,7.5
4/22/2025,7.13,7.49,7.5
4/17/2025,7.1,7.45,7.5
4/16/2025,7.1,7.45,7.49
4/15/2025,7.13,7.49,7.51
4/14/2025,7.15,7.51,7.51
4/11/2025,7.13,7.47,7.51
4/10/2025,7.16,7.49,7.54
4/9/2025,7.14,7.5,7.59
4/8/2025,7.01,7.31,7.45
4/7/2025,7,7.26,7.34
4/4/2025,6.98,7.26,7.36
4/3/2025,7,7.3,7.44
4/2/2025,7.01,7.31,7.46
4/1/2025,7.01,7.33,7.47
3/31/2025,7.01,7.32,7.48
3/28/2025,7.04,7.35,7.54
3/27/2025,7.04,7.35,7.53
3/26/2025,7.04,7.35,7.51
3/25/2025,7.01,7.32,7.49
3/24/2025,7.03,7.31,7.49
3/21/2025,7.03,7.32,7.52
3/20/2025,7.04,7.32,7.52
3/19/2025,7.07,7.33,7.52
3/18/2025,7.07,7.34,7.52
3/17/2025,7.07,7.32,7.51
3/14/2025,7.08,7.31,7.48
3/13/2025,7.08,7.33,7.51
3/12/2025,7.09,7.34,7.49
3/11/2025,7.1,7.35,7.5
3/10/2025,7.15,7.39,7.59
3/7/2025,7.13,7.43,7.63
3/6/2025,7.15,7.46,7.71
3/5/2025,7.13,7.4,7.61
3/4/2025,7.09,7.3,7.46
3/3/2025,7.1,7.3,7.44
2/28/2025,7.09,7.33,7.43
2/27/2025,7.1,7.34,7.43
2/26/2025,7.14,7.4,7.59
2/25/2025,7.14,7.42,7.62
2/24/2025,7.15,7.43,7.64
2/21/2025,7.17,7.43,7.61
2/20/2025,7.2,7.45,7.6
2/19/2025,7.2,7.44,7.57
2/18/2025,7.2,7.44,7.54
2/17/2025,7.2,7.43,7.51
2/14/2025,7.24,7.47,7.63
2/13/2025,7.23,7.47,7.62
2/12/2025,7.22,7.44,7.62
2/11/2025,7.21,7.37,7.53
2/10/2025,7.21,7.36,7.52
2/7/2025,7.19,7.34,7.49
2/6/2025,7.26,7.46,7.59
2/5/2025,7.3,7.53,7.65
2/4/2025,7.36,7.6,7.75
2/3/2025,7.36,7.64,7.76
1/31/2025,7.25,7.4,7.61
1/30/2025,7.28,7.45,7.65
1/29/2025,7.35,7.54,7.75
1/28/2025,7.48,7.73,7.91
1/27/2025,7.51,7.8,7.99
1/23/2025,7.53,7.82,8.02
1/22/2025,7.56,7.85,8.07
1/21/2025,7.55,7.82,8.05
1/20/2025,7.61,7.9,8.15
1/17/2025,7.55,7.8,8.04
1/16/2025,7.55,7.81,8.04
1/15/2025,7.56,7.81,8.03
1/14/2025,7.64,7.88,7.99
1/13/2025,7.56,7.8,7.9
1/10/2025,7.43,7.6,7.78
1/9/2025,7.35,7.46,7.61
1/8/2025,7.25,7.36,7.47
1/3/2025,7.25,7.35,7.47
12/31/2024,7.23,7.34,7.48
12/30/2024,7.23,7.34,7.49
12/27/2024,7.26,7.36,7.5
12/24/2024,7.26,7.37,7.51
12/23/2024,7.32,7.39,7.57
12/20/2024,7.36,7.5,7.7
12/19/2024,7.21,7.29,7.54
12/18/2024,7.21,7.28,7.53
12/17/2024,7.01,7.15,7.32
12/16/2024,7,7.13,7.26
12/13/2024,6.97,7.11,7.21
12/12/2024,6.96,7.11,7.21
12/11/2024,6.93,7.1,7.19
12/10/2024,6.91,7.07,7.17
12/9/2024,7.01,7.16,7.31
12/6/2024,7.13,7.3,7.5
12/5/2024,7.15,7.4,7.58
12/4/2024,7.17,7.4,7.6
12/3/2024,7.03,7.29,7.4
12/2/2024,7.02,7.3,7.39
11/29/2024,7.03,7.31,7.45
11/28/2024,6.93,7.23,7.37
11/27/2024,6.97,7.25,7.39
11/26/2024,6.95,7.27,7.38
11/25/2024,7.05,7.37,7.53
11/22/2024,6.86,7.2,7.42
11/21/2024,6.61,6.96,7.2
11/20/2024,6.58,6.95,7.16
11/19/2024,6.57,6.94,7.15
11/18/2024,6.56,6.93,7.15
11/15/2024,6.56,6.93,7.15
11/14/2024,6.42,6.86,7.06
11/13/2024,6.41,6.84,7.03
11/12/2024,6.42,6.85,7.05
11/11/2024,6.42,6.82,7.03
11/8/2024,6.41,6.82,7.03
11/7/2024,6.43,6.85,7.06
11/6/2024,6.42,6.77,7.05
11/5/2024,6.41,6.73,7
11/4/2024,6.41,6.73,7
11/1/2024,6.41,6.73,7.02
10/31/2024,6.4,6.71,7.01
10/30/2024,6.39,6.71,7.01
10/29/2024,6.39,6.71,7.01
10/28/2024,6.36,6.67,6.96
10/25/2024,6.33,6.62,6.91
10/24/2024,6.33,6.61,6.91
10/23/2024,6.33,6.62,6.9
10/22/2024,6.33,6.62,6.89
10/21/2024,6.32,6.61,6.89
10/18/2024,6.33,6.61,6.9
10/17/2024,6.32,6.57,6.88
10/16/2024,6.3,6.56,6.86
10/15/2024,6.28,6.53,6.83
10/14/2024,6.28,6.53,6.82
10/11/2024,6.28,6.53,6.82
10/10/2024,6.28,6.53,6.82
10/9/2024,6.28,6.52,6.82
10/8/2024,6.27,6.51,6.81
10/7/2024,6.27,6.51,6.81
10/4/2024,6.26,6.47,6.71
10/3/2024,6.26,6.47,6.71
10/2/2024,6.26,6.46,6.7
10/1/2024,6.25,6.47,6.69
9/30/2024,6.26,6.5,6.75
9/27/2024,6.26,6.49,6.75
9/26/2024,6.27,6.51,6.77
9/25/2024,6.26,6.51,6.76
9/24/2024,6.26,6.51,6.77
9/23/2024,6.26,6.51,6.77
9/20/2024,6.26,6.5,6.76
9/19/2024,6.26,6.52,6.86
9/18/2024,6.28,6.52,6.88
9/17/2024,6.29,6.52,6.89
9/16/2024,6.29,6.53,6.86
9/13/2024,6.29,6.52,6.86
9/12/2024,6.28,6.5,6.81
9/11/2024,6.29,6.5,6.82
9/10/2024,6.29,6.5,6.82
9/9/2024,6.29,6.5,6.81
9/6/2024,6.29,6.49,6.77
9/5/2024,6.29,6.48,6.76
9/4/2024,6.3,6.48,6.76
9/3/2024,6.3,6.49,6.77
9/2/2024,6.28,6.48,6.72
8/30/2024,6.27,6.47,6.75
8/29/2024,6.27,6.48,6.73
8/28/2024,6.27,6.48,6.75
8/27/2024,6.27,6.48,6.75
8/26/2024,6.25,6.48,6.75
8/23/2024,6.25,6.47,6.75
8/22/2024,6.24,6.46,6.72
8/21/2024,6.24,6.47,6.72
8/20/2024,6.24,6.46,6.71
8/19/2024,6.24,6.44,6.7
8/16/2024,6.24,6.44,6.66
8/14/2024,6.24,6.45,6.66
8/13/2024,6.23,6.36,6.66
8/12/2024,6.24,6.35,6.66
8/9/2024,6.22,6.31,6.63
8/8/2024,6.22,6.3,6.63
8/7/2024,6.24,6.34,6.65
8/6/2024,6.25,6.35,6.65
8/5/2024,6.24,6.36,6.67
8/2/2024,6.25,6.39,6.77
8/1/2024,6.25,6.39,6.84
7/31/2024,6.25,6.39,6.84
7/30/2024,6.26,6.39,6.85
7/29/2024,6.25,6.39,6.85
7/26/2024,6.26,6.41,6.85
7/25/2024,6.25,6.41,6.85
7/24/2024,6.26,6.41,6.85
7/23/2024,6.26,6.41,6.85
7/22/2024,6.26,6.41,6.85
7/19/2024,6.24,6.4,6.85
7/18/2024,6.23,6.4,6.85
7/17/2024,6.23,6.4,6.85
7/16/2024,6.22,6.39,6.84
7/15/2024,6.22,6.38,6.84
7/12/2024,6.22,6.38,6.84
7/11/2024,6.24,6.4,6.87
7/10/2024,6.23,6.4,6.88
7/9/2024,6.23,6.4,6.88
7/8/2024,6.24,6.42,6.88
7/5/2024,6.33,6.5,6.9
7/4/2024,6.34,6.54,6.9
7/3/2024,6.33,6.56,6.91
7/2/2024,6.36,6.59,6.96
7/1/2024,6.35,6.6,6.98
6/28/2024,6.34,6.61,6.98
6/27/2024,6.32,6.6,6.98
6/26/2024,6.31,6.62,6.98
6/25/2024,6.31,6.62,6.98
6/21/2024,6.3,6.6,6.99
6/20/2024,6.28,6.6,6.99
6/19/2024,6.29,6.61,6.99
6/18/2024,6.3,6.62,7
6/17/2024,6.28,6.59,6.91
6/14/2024,6.28,6.59,6.89
6/13/2024,6.32,6.59,6.89
6/12/2024,6.34,6.59,6.88
6/11/2024,6.32,6.6,6.91
6/10/2024,6.32,6.6,6.9
6/7/2024,6.32,6.59,6.87
6/6/2024,6.32,6.58,6.87
6/5/2024,6.32,6.58,6.87
6/4/2024,6.32,6.58,6.87
6/3/2024,6.32,6.58,6.87
5/31/2024,6.33,6.57,6.87
5/30/2024,6.33,6.57,6.88
5/29/2024,6.33,6.56,6.88
5/28/2024,6.32,6.56,6.81
5/27/2024,6.31,6.56,6.82
5/24/2024,6.32,6.52,6.77
5/23/2024,6.32,6.52,6.76
5/22/2024,6.32,6.51,6.76
5/21/2024,6.32,6.52,6.76
5/20/2024,6.32,6.51,6.75
5/17/2024,6.31,6.5,6.74
5/16/2024,6.3,6.49,6.74
5/15/2024,6.31,6.49,6.77
5/14/2024,6.32,6.5,6.79
5/13/2024,6.33,6.49,6.84
5/10/2024,6.33,6.5,6.86
5/9/2024,6.34,6.5,6.86
5/8/2024,6.33,6.49,6.82
5/7/2024,6.33,6.51,6.88
5/2/2024,6.36,6.56,6.98
4/30/2024,6.36,6.56,6.97
4/29/2024,6.34,6.56,6.98
4/26/2024,6.35,6.54,6.97
4/25/2024,6.29,6.43,6.9
4/24/2024,6.3,6.45,6.91
4/23/2024,6.3,6.45,6.9
4/22/2024,6.3,6.45,6.91
4/19/2024,6.26,6.41,6.88
4/18/2024,6.25,6.41,6.87
4/17/2024,6.28,6.41,6.94
4/16/2024,6.21,6.37,6.87
4/15/2024,6.19,6.34,6.8
4/12/2024,6.19,6.35,6.78
4/11/2024,6.19,6.35,6.78
4/10/2024,6.18,6.33,6.7
4/9/2024,6.19,6.34,6.74
4/8/2024,6.19,6.34,6.74
4/5/2024,6.2,6.34,6.67
4/4/2024,6.2,6.34,6.67
4/3/2024,6.21,6.34,6.66
4/2/2024,6.19,6.33,6.64
4/1/2024,6.2,6.34,6.64
3/29/2024,6.2,6.34,6.63
3/28/2024,6.19,6.35,6.64
3/27/2024,6.19,6.36,6.66
3/26/2024,6.19,6.36,6.66
3/25/2024,6.19,6.36,6.66
3/22/2024,6.17,6.35,6.65
3/21/2024,6.19,6.4,6.7
3/20/2024,6.24,6.41,6.69
3/19/2024,6.26,6.41,6.83
3/18/2024,6.23,6.39,6.72
3/15/2024,6.24,6.39,6.72
3/14/2024,6.23,6.38,6.73
3/13/2024,6.23,6.38,6.71
3/12/2024,6.22,6.37,6.63
3/11/2024,6.22,6.37,6.56
3/8/2024,6.24,6.39,6.57
3/7/2024,6.23,6.38,6.55
3/6/2024,6.23,6.38,6.54
3/5/2024,6.23,6.37,6.58
3/4/2024,6.22,6.38,6.59
3/1/2024,6.22,6.38,6.61
2/29/2024,6.23,6.38,6.61
2/28/2024,6.23,6.38,6.58
2/27/2024,6.22,6.37,6.57
2/26/2024,6.21,6.34,6.57
2/23/2024,6.22,6.35,6.58
2/22/2024,6.23,6.34,6.56
2/21/2024,6.22,6.34,6.55
2/20/2024,6.25,6.35,6.63
2/19/2024,6.25,6.36,6.65
2/16/2024,6.2,6.35,6.63
2/15/2024,6.2,6.41,6.74
2/14/2024,6.2,6.43,6.76
2/13/2024,6.15,6.32,6.53
2/12/2024,6.14,6.32,6.52
2/9/2024,6.13,6.32,6.52
2/8/2024,6.12,6.31,6.51
2/7/2024,6.12,6.31,6.5
2/6/2024,6.12,6.3,6.48
2/5/2024,6.09,6.27,6.46
2/2/2024,6.1,6.27,6.36
2/1/2024,6.11,6.31,6.4
1/31/2024,6.11,6.3,6.44
1/30/2024,6.11,6.33,6.49
1/29/2024,6.11,6.34,6.5
1/26/2024,6.11,6.35,6.49
1/25/2024,6.19,6.37,6.56
1/23/2024,6.21,6.33,6.51
1/22/2024,6.2,6.34,6.52
1/19/2024,6.22,6.34,6.51
1/18/2024,6.23,6.41,6.52
1/17/2024,6.23,6.41,6.48
1/16/2024,6.22,6.36,6.43
1/15/2024,6.26,6.37,6.42
1/12/2024,6.28,6.31,6.3
1/11/2024,6.28,6.3,6.29
1/10/2024,6.31,6.34,6.35
1/9/2024,6.38,6.48,6.53
1/8/2024,6.38,6.49,6.54
1/5/2024,6.35,6.46,6.52
1/4/2024,6.33,6.38,6.49
1/3/2024,6.32,6.36,6.42
12/29/2023,6.29,6.31,6.35
12/28/2023,6.3,6.3,6.36
12/27/2023,6.29,6.29,6.39
12/22/2023,6.31,6.32,6.38
12/21/2023,6.33,6.32,6.4
12/20/2023,6.36,6.38,6.45
12/19/2023,6.38,6.41,6.5
12/18/2023,6.38,6.41,6.5
12/15/2023,6.38,6.41,6.53
12/14/2023,6.36,6.44,6.51
12/13/2023,6.5,6.72,6.74
12/12/2023,6.51,6.75,6.81
12/11/2023,6.54,6.78,6.81
12/8/2023,6.5,6.69,6.72
12/7/2023,6.5,6.68,6.71
12/6/2023,6.48,6.64,6.66
12/5/2023,6.53,6.7,6.75
12/4/2023,6.54,6.8,6.94
11/29/2023,6.57,6.84,6.99
11/28/2023,6.59,6.88,7.15
11/27/2023,6.59,6.9,7.2
11/24/2023,6.58,6.9,7.2
11/23/2023,6.58,6.89,7.15
11/22/2023,6.59,6.9,7.15
11/21/2023,6.58,6.89,7.14
11/20/2023,6.59,6.9,7.13
11/17/2023,6.6,6.9,7.14
11/16/2023,6.61,6.92,7.23
11/15/2023,6.58,6.85,7.12
11/14/2023,6.35,6.76,7.01
11/13/2023,6.35,6.76,7
11/10/2023,6.37,6.77,6.99
11/9/2023,6.37,6.77,6.99
11/8/2023,6.35,6.78,6.95
11/7/2023,6.39,6.77,6.99
11/6/2023,6.39,6.7,6.98
11/3/2023,6.4,6.64,7.04
11/2/2023,6.4,6.64,7.08
11/1/2023,6.41,6.66,7.12
10/31/2023,6.44,6.69,7.16
10/30/2023,6.44,6.72,7.19
10/27/2023,6.45,6.74,7.21
10/26/2023,6.45,6.75,7.22
10/25/2023,6.48,6.74,7.21
10/24/2023,6.49,6.75,7.24
10/23/2023,6.55,6.81,7.3
10/20/2023,6.54,6.8,7.29
10/19/2023,6.55,6.8,7.28
10/18/2023,6.54,6.78,7.23
10/17/2023,6.53,6.76,7.2
10/16/2023,6.53,6.76,7.2
10/13/2023,6.53,6.76,7.21
10/12/2023,6.53,6.78,7.21
10/11/2023,6.55,6.78,7.18
10/10/2023,6.6,6.84,7.27
10/9/2023,6.65,6.9,7.35
10/6/2023,6.61,6.85,7.27
10/5/2023,6.6,6.84,7.25
10/4/2023,6.54,6.78,7.2
10/3/2023,6.52,6.7,7.09
10/2/2023,6.51,6.7,7.09
9/29/2023,6.55,6.74,7.16
9/28/2023,6.51,6.66,7.16
9/27/2023,6.47,6.64,7.08
9/26/2023,6.47,6.63,7.08
9/25/2023,6.46,6.56,6.96
9/22/2023,6.47,6.57,6.98
9/21/2023,6.47,6.57,6.99
9/20/2023,6.46,6.55,6.91
9/19/2023,6.46,6.55,6.91
9/18/2023,6.45,6.55,6.93
9/15/2023,6.45,6.54,6.91
9/14/2023,6.46,6.56,6.97
9/13/2023,6.46,6.55,6.98
9/12/2023,6.46,6.53,6.91
9/11/2023,6.45,6.53,6.9
9/8/2023,6.46,6.53,6.92
9/7/2023,6.46,6.55,6.92
9/6/2023,6.47,6.56,6.95
9/5/2023,6.45,6.53,6.9
9/4/2023,6.44,6.48,6.87
9/1/2023,6.44,6.48,6.85
8/31/2023,6.44,6.5,6.89
8/30/2023,6.49,6.54,6.93
8/29/2023,6.5,6.54,6.93
8/28/2023,6.5,6.56,6.96
8/25/2023,6.53,6.58,6.99
8/24/2023,6.55,6.62,7
8/23/2023,6.59,6.64,7.07
8/22/2023,6.6,6.66,7.11
8/21/2023,6.59,6.7,7.03
8/18/2023,6.6,6.7,7.03
8/17/2023,6.6,6.71,7.02
8/16/2023,6.59,6.67,6.86
8/14/2023,6.57,6.67,6.87
8/11/2023,6.59,6.66,6.87
8/10/2023,6.59,6.68,6.86
8/9/2023,6.55,6.61,6.81
8/8/2023,6.55,6.62,6.83
8/7/2023,6.56,6.61,6.83
8/4/2023,6.57,6.64,6.85
8/3/2023,6.51,6.58,6.73
8/2/2023,6.46,6.56,6.63
8/1/2023,6.45,6.56,6.62
7/31/2023,6.46,6.55,6.62
7/28/2023,6.47,6.55,6.63
7/27/2023,6.47,6.52,6.6
7/26/2023,6.47,6.53,6.59
7/25/2023,6.47,6.51,6.55
7/24/2023,6.47,6.51,6.53
7/21/2023,6.47,6.5,6.52
7/20/2023,6.47,6.5,6.51
7/19/2023,6.46,6.47,6.48
7/18/2023,6.53,6.53,6.56
7/17/2023,6.55,6.6,6.65
7/14/2023,6.57,6.64,6.66
7/13/2023,6.59,6.69,6.75
7/12/2023,6.63,6.76,6.82
7/11/2023,6.64,6.77,6.85
7/10/2023,6.64,6.78,6.86
7/7/2023,6.65,6.78,6.86
7/6/2023,6.64,6.75,6.8
7/5/2023,6.61,6.75,6.82
7/4/2023,6.6,6.76,6.84
7/3/2023,6.61,6.76,6.87
6/30/2023,6.61,6.76,6.9
6/29/2023,6.46,6.65,6.76
6/28/2023,6.46,6.63,6.78
6/27/2023,6.45,6.61,6.76
6/26/2023,6.44,6.57,6.7
6/23/2023,6.45,6.58,6.67
6/22/2023,6.5,6.65,6.79
6/21/2023,6.53,6.65,6.82
6/20/2023,6.55,6.68,6.84
6/19/2023,6.58,6.7,6.86
6/16/2023,6.58,6.7,6.88
6/15/2023,6.6,6.72,6.87
6/14/2023,6.61,6.74,6.88
6/13/2023,6.63,6.74,6.93
6/12/2023,6.63,6.74,6.94
6/9/2023,6.65,6.77,7.02
6/8/2023,6.68,6.81,7.06
6/7/2023,6.7,6.81,7.05
6/6/2023,6.7,6.81,7.08
6/2/2023,6.7,6.81,7.1
5/31/2023,6.7,6.78,7.08
5/30/2023,6.7,6.8,7.16
5/29/2023,6.7,6.79,7.19
5/26/2023,6.7,6.76,7.2
5/25/2023,6.72,6.81,7.25
5/24/2023,6.71,6.81,7.24
5/23/2023,6.7,6.8,7.21
5/22/2023,6.72,6.81,7.21
5/19/2023,6.72,6.82,7.2
5/18/2023,6.72,6.82,7.2
5/17/2023,6.71,6.81,7.1
5/16/2023,6.8,6.86,7.16
5/15/2023,6.84,6.9,7.19
5/12/2023,6.85,6.91,7.21
5/11/2023,7.01,7.14,7.34
5/10/2023,7.03,7.15,7.36
5/9/2023,7.02,7.16,7.36
5/8/2023,7.02,7.16,7.36
5/5/2023,7.03,7.16,7.28
5/4/2023,7.05,7.21,7.34
5/3/2023,7.05,7.21,7.35
5/2/2023,7.05,7.21,7.41
4/28/2023,7.05,7.22,7.45
4/27/2023,7.05,7.23,7.4
4/26/2023,7.12,7.25,7.43
4/25/2023,7.15,7.28,7.45
4/24/2023,7.16,7.3,7.49
4/21/2023,7.2,7.33,7.5
4/20/2023,7.29,7.37,7.55
4/19/2023,7.3,7.36,7.55
4/18/2023,7.31,7.36,7.55
4/13/2023,7.27,7.33,7.44
4/12/2023,7.25,7.3,7.37
4/11/2023,7.24,7.28,7.32
4/10/2023,7.24,7.25,7.33
4/7/2023,7.22,7.27,7.36
4/6/2023,7.22,7.28,7.38
4/5/2023,7.22,7.31,7.4
4/4/2023,7.25,7.33,7.41
4/3/2023,7.27,7.39,7.49
3/31/2023,7.28,7.4,7.47
3/30/2023,7.27,7.38,7.4
3/29/2023,7.26,7.36,7.4
3/28/2023,7.2,7.31,7.34
3/27/2023,7.19,7.31,7.32
3/24/2023,7.21,7.31,7.35
3/23/2023,7.23,7.32,7.36
3/22/2023,7.24,7.35,7.5
3/21/2023,7.26,7.33,7.5
3/20/2023,7.28,7.38,7.47
3/17/2023,7.27,7.4,7.5
3/16/2023,7.3,7.42,7.66
3/15/2023,7.26,7.43,7.65
3/14/2023,7.24,7.4,7.49
3/13/2023,7.22,7.44,7.51
3/10/2023,7.26,7.45,7.54
3/9/2023,7.34,7.51,7.74
3/8/2023,7.34,7.51,7.76
3/7/2023,7.35,7.49,7.74
3/6/2023,7.43,7.54,7.84
3/3/2023,7.48,7.61,7.95
3/2/2023,7.53,7.64,8.01
3/1/2023,7.45,7.57,7.95
2/28/2023,7.43,7.57,7.91
2/27/2023,7.39,7.55,7.85
2/24/2023,7.28,7.54,7.8
2/23/2023,7.29,7.54,7.82
2/22/2023,7.3,7.55,7.87
2/21/2023,7.28,7.53,7.83
2/20/2023,7.28,7.49,7.8
2/17/2023,7.3,7.51,7.82
2/16/2023,7.27,7.45,7.61
2/15/2023,7.28,7.45,7.6
2/14/2023,7.27,7.45,7.6
2/13/2023,7.3,7.52,7.66
2/10/2023,7.3,7.51,7.57
2/9/2023,7.27,7.49,7.56
2/8/2023,7.27,7.54,7.65
2/7/2023,7.25,7.54,7.6
2/6/2023,7.2,7.47,7.46
2/3/2023,7.17,7.35,7.32
2/2/2023,7.21,7.43,7.48
2/1/2023,7.21,7.46,7.5
1/31/2023,7.18,7.4,7.38
1/30/2023,7.19,7.41,7.4
1/27/2023,7.2,7.37,7.34
1/26/2023,7.29,7.44,7.45
1/25/2023,7.29,7.45,7.49
1/23/2023,7.25,7.45,7.55
1/20/2023,7.19,7.43,7.6
1/19/2023,7.16,7.37,7.48
1/18/2023,7.16,7.4,7.55
1/17/2023,7.16,7.45,7.7
1/16/2023,7.15,7.46,7.76
1/13/2023,7.14,7.4,7.55
1/12/2023,7.14,7.4,7.55
1/11/2023,7.21,7.51,7.66
1/10/2023,7.25,7.65,7.81
1/9/2023,7.25,7.7,7.9
1/6/2023,7.25,7.78,8
1/5/2023,7.25,7.8,8.01
1/4/2023,7.3,7.87,8.2
1/3/2023,7.32,7.9,8.28
12/30/2022,7.33,7.91,8.31
12/29/2022,7.34,7.9,8.28
12/28/2022,7.38,7.95,8.31
12/27/2022,7.49,8,8.33
12/23/2022,7.5,8.01,8.35
12/22/2022,7.5,8,8.36
12/21/2022,7.51,7.99,8.4
12/20/2022,7.52,8,8.4
12/19/2022,7.51,7.86,8.27
12/16/2022,7.5,7.75,8.19
12/15/2022,7.5,7.71,8.02
12/14/2022,7.5,7.64,7.96
12/13/2022,7.61,7.77,8.12
12/12/2022,7.5,7.5,7.8
12/9/2022,7.53,7.53,7.8
12/8/2022,7.54,7.54,7.79
12/7/2022,7.54,7.55,7.79
12/6/2022,7.56,7.59,7.8
12/5/2022,7.6,7.63,7.85
12/2/2022,7.63,7.68,7.86
11/29/2022,7.74,7.86,8.09
11/28/2022,7.74,7.88,8.1
11/25/2022,7.73,7.87,7.99
11/24/2022,7.89,7.99,8.12
11/23/2022,7.89,8,8.14
11/22/2022,7.99,8,8.16
11/21/2022,8,8,8.2
11/18/2022,8.03,8.03,8.24
11/17/2022,8.13,8.15,8.27
11/16/2022,8.15,8.17,8.28
11/15/2022,8.18,8.19,8.3
11/14/2022,8.3,8.29,8.41
11/11/2022,8.28,8.3,8.31
11/10/2022,8.93,9,8.98
11/9/2022,8.98,9.01,8.99
11/8/2022,9,9.13,9.14
11/7/2022,9.05,9.24,9.19
11/4/2022,9.12,9.26,9.24
11/3/2022,9.25,9.36,9.43
11/2/2022,9.08,9.19,9.19
11/1/2022,9.17,9.24,9.25
10/31/2022,9.19,9.25,9.25
10/28/2022,9.17,9.18,9.17
10/27/2022,9.27,9.31,9.27
10/26/2022,9.23,9.26,9.24
10/25/2022,9.36,9.38,9.38
10/24/2022,9.74,9.75,9.7
10/21/2022,9.5,9.56,9.48
10/20/2022,9.47,9.52,9.45
10/19/2022,9.34,9.35,9.3
10/18/2022,9.31,9.31,9.28
10/17/2022,9.31,9.31,9.29
10/14/2022,9.21,9.2,9.18
10/13/2022,9.28,9.28,9.28
10/12/2022,9.11,9.11,9.11
10/11/2022,8.85,8.86,8.87
10/10/2022,8.75,8.75,8.75
10/7/2022,8.65,8.66,8.66
10/6/2022,8.65,8.66,8.66
10/5/2022,8.58,8.57,8.56
10/4/2022,8.63,8.64,8.63
10/3/2022,8.66,8.73,8.68
9/30/2022,8.69,8.76,8.76
9/29/2022,8.53,8.66,8.68
9/28/2022,8.5,8.64,8.59
9/27/2022,8.45,8.59,8.6
9/26/2022,8.36,8.5,8.5
9/23/2022,8.32,8.41,8.41
9/22/2022,8.27,8.35,8.35
9/21/2022,8.22,8.27,8.27
9/20/2022,8.2,8.22,8.25
9/19/2022,8.19,8.22,8.25
9/16/2022,8.18,8.24,8.24
9/15/2022,8.15,8.21,8.22
9/14/2022,8.1,8.2,8.21
9/13/2022,8.06,8.17,8.16
9/12/2022,8.12,8.22,8.23
9/9/2022,8.11,8.2,8.19
9/8/2022,8.1,8.18,8.18
9/7/2022,8,8.03,8.06
9/6/2022,7.95,7.99,8.04
9/5/2022,7.9,7.95,8.01
9/2/2022,7.82,7.95,7.95
9/1/2022,7.81,7.92,7.94
8/31/2022,7.83,7.92,7.95
8/30/2022,7.97,8.15,8.15
8/29/2022,7.95,8.09,8.17
8/26/2022,7.93,8.02,8.14
8/25/2022,7.94,8.02,8.13
8/24/2022,7.79,7.89,7.99
8/23/2022,7.77,7.86,7.95
8/22/2022,7.76,7.86,7.91
8/19/2022,7.74,7.86,7.91
8/18/2022,7.68,7.77,7.87
8/17/2022,7.57,7.65,7.75
8/16/2022,7.6,7.69,7.79
8/12/2022,7.61,7.71,7.79
8/11/2022,7.76,7.91,7.93
8/10/2022,8.01,8.08,8.07
8/9/2022,8.05,8.11,8.1
8/8/2022,8.25,8.35,8.35
8/5/2022,8.29,8.4,8.39
8/4/2022,8.3,8.4,8.39
8/3/2022,8.3,8.34,8.3
8/2/2022,8.25,8.3,8.24
8/1/2022,8.28,8.32,8.29
7/29/2022,8.34,8.36,8.25
7/28/2022,8.43,8.39,8.31
7/27/2022,8.65,8.64,8.52
7/26/2022,8.65,8.65,8.58
7/25/2022,8.9,8.92,8.89
7/22/2022,8.99,8.99,9
7/21/2022,9.19,9.25,9.24
7/20/2022,9.21,9.25,9.24
7/19/2022,9.23,9.26,9.23
7/18/2022,9.24,9.25,9.29
7/15/2022,9.26,9.3,9.28
7/14/2022,9.25,9.29,9.29
7/13/2022,9.09,9.1,9.1
7/12/2022,9.09,9.1,9.1
7/11/2022,9.1,9.1,9.11
7/8/2022,9.02,9.06,9.1
7/7/2022,8.94,9.01,9.07
7/6/2022,8.9,8.94,9
7/5/2022,8.87,8.9,8.96
7/4/2022,8.88,8.92,8.97
7/1/2022,8.91,8.93,8.98
6/30/2022,8.91,8.95,8.95
6/29/2022,8.9,8.99,9.06
6/28/2022,8.88,8.94,8.99
6/27/2022,8.77,8.77,8.83
6/24/2022,8.78,8.77,8.84
6/23/2022,9.14,9.21,9.23
6/22/2022,9.21,9.32,9.4
6/21/2022,9.21,9.31,9.4
6/20/2022,9.17,9.25,9.37
6/17/2022,9.15,9.25,9.35
6/16/2022,9.13,9.2,9.3
6/15/2022,8.74,8.85,8.95
6/14/2022,8.7,8.8,8.93
6/10/2022,8.35,8.41,8.51
6/9/2022,8.19,8.24,8.29
6/8/2022,8.16,8.17,8.25
6/7/2022,8.16,8.16,8.25
6/6/2022,8.11,8.12,8.22
6/3/2022,8.09,8.12,8.16
6/2/2022,8.05,8.11,8.12
5/31/2022,7.93,7.94,7.95
5/30/2022,7.92,7.92,7.93
5/27/2022,7.92,7.93,7.94
5/26/2022,7.95,7.93,7.94
5/25/2022,8.05,8.07,8.07
5/24/2022,8.07,8.1,8.16
5/23/2022,8.07,8.11,8.25
5/20/2022,8.06,8.11,8.24
5/19/2022,8.09,8.13,8.25
5/18/2022,8.08,8.11,8.25
5/17/2022,8.06,8.11,8.25
5/16/2022,8.06,8.11,8.26
5/13/2022,8.03,8.09,8.25
5/12/2022,8.07,8.11,8.35
5/11/2022,7.89,8.04,8.39
5/10/2022,7.33,7.57,7.94
5/9/2022,7.29,7.56,7.92
5/6/2022,7.1,7.35,7.6
5/5/2022,6.95,7.25,7.49
5/4/2022,6.95,7.26,7.51
5/3/2022,7.01,7.31,7.71
5/2/2022,6.61,6.9,7.26
4/29/2022,6.46,6.81,7.15
4/28/2022,6.4,6.75,7.06
4/27/2022,6.3,6.64,6.86
4/26/2022,6.28,6.61,6.85
4/21/2022,6.29,6.59,6.84
4/20/2022,6.29,6.6,6.85
4/19/2022,6.29,6.59,6.84
4/18/2022,6.29,6.61,6.84
4/15/2022,6.28,6.58,6.82
4/14/2022,6.28,6.57,6.81
4/13/2022,6.28,6.56,6.81
4/12/2022,6.28,6.56,6.81
4/11/2022,6.22,6.46,6.68
4/8/2022,6.12,6.42,6.58
4/7/2022,6.06,6.32,6.51
4/6/2022,6.06,6.31,6.51
4/5/2022,5.87,6.11,6.34
4/4/2022,5.88,6.11,6.34
4/1/2022,5.87,6.07,6.31
3/31/2022,5.85,6.02,6.23
3/30/2022,5.85,6.06,6.26
3/29/2022,5.94,6.16,6.48
3/28/2022,5.94,6.17,6.5
3/25/2022,5.9,6.16,6.45
3/24/2022,5.8,6,6.25
3/23/2022,5.79,5.98,6.24
3/22/2022,5.74,5.91,6.14
3/21/2022,5.73,5.88,6.11
3/18/2022,5.76,6,6.18
3/17/2022,5.82,6.12,6.34
3/16/2022,5.85,6.15,6.39
3/15/2022,5.85,6.18,6.48
3/14/2022,5.85,6.19,6.57
3/11/2022,5.85,6.23,6.64
3/10/2022,5.95,6.32,6.67
3/9/2022,5.96,6.36,6.75
3/8/2022,5.95,6.36,6.75
3/7/2022,5.47,5.92,6.41
3/4/2022,5.31,5.74,6.22
3/3/2022,5.28,5.72,6.16
3/2/2022,5.22,5.6,6.07
3/1/2022,5.21,5.61,6.08
2/28/2022,5.21,5.61,6.1
2/25/2022,5.15,5.51,6.08
2/24/2022,5.1,5.45,6.01
2/23/2022,4.91,5.2,5.73
2/22/2022,4.91,5.2,5.73
2/21/2022,4.91,5.21,5.72
2/18/2022,4.91,5.22,5.72
2/17/2022,4.9,5.21,5.73
2/16/2022,4.88,5.2,5.73
2/15/2022,4.9,5.21,5.76
2/14/2022,4.88,5.17,5.72
2/11/2022,4.86,5.14,5.62
2/10/2022,4.86,5.14,5.61
2/9/2022,4.68,5.14,5.61
2/8/2022,4.67,5.12,5.64
2/7/2022,4.67,5.12,5.63
2/4/2022,4.66,5.12,5.63
2/3/2022,4.62,5.06,5.57
2/2/2022,4.62,5.06,5.57
2/1/2022,4.64,5.06,5.58
1/31/2022,4.65,5.05,5.47
1/28/2022,4.66,5.04,5.47
1/27/2022,4.65,5.04,5.48
1/26/2022,4.65,5.06,5.48
1/25/2022,4.65,5.06,5.48
1/21/2022,4.65,5.06,5.51
1/20/2022,4.66,5.07,5.52
1/19/2022,4.67,5.07,5.51
1/18/2022,4.67,5.05,5.51
1/17/2022,4.7,5.1,5.56
1/14/2022,4.71,5.1,5.54
1/13/2022,4.7,5.11,5.56
1/12/2022,4.71,5.11,5.56
1/11/2022,4.7,5.11,5.55
1/10/2022,4.7,5.13,5.57
1/7/2022,4.71,5.11,5.56
1/6/2022,4.7,5.09,5.53
1/5/2022,4.61,5.01,5.49
1/4/2022,4.56,4.92,5.28
1/3/2022,4.56,4.9,5.26
12/31/2021,4.56,4.89,5.26
12/30/2021,4.6,4.9,5.29
12/29/2021,4.6,4.91,5.3
12/28/2021,4.6,4.91,5.3
12/27/2021,4.59,4.92,5.3
12/24/2021,4.61,4.94,5.3
12/23/2021,4.62,4.94,5.3
12/22/2021,4.61,4.95,5.3
12/21/2021,4.6,4.95,5.3
12/20/2021,4.6,4.95,5.31
12/17/2021,4.58,4.92,5.27
12/16/2021,4.57,4.9,5.26
12/15/2021,4.57,4.96,5.3
12/14/2021,4.62,5.06,5.44
12/13/2021,4.61,5.13,5.58
12/10/2021,4.62,5.16,5.63
12/9/2021,4.61,5.17,5.7
12/8/2021,4.61,5.17,5.69
12/7/2021,4.61,5.17,5.68
12/6/2021,4.61,5.17,5.69
12/3/2021,4.6,5.16,5.68
12/2/2021,4.6,5.15,5.66
11/29/2021,4.6,5.15,5.62
11/26/2021,4.6,5.16,5.66
11/25/2021,4.58,5.11,5.63
11/24/2021,4.58,5.06,5.57
11/23/2021,4.52,4.96,5.46
11/22/2021,4.46,4.91,5.37
11/19/2021,4.46,4.91,5.36
11/18/2021,4.47,4.9,5.34
11/17/2021,4.44,4.83,5.3
11/16/2021,4.43,4.84,5.3
11/15/2021,4.45,4.82,5.31
11/12/2021,4.44,4.82,5.31
11/11/2021,4.36,4.71,5.15
11/10/2021,4.33,4.68,5.1
11/9/2021,4.35,4.67,5.07
11/8/2021,4.29,4.66,5.05
11/5/2021,4.25,4.65,5.02
11/4/2021,4.22,4.62,5.01
11/3/2021,4.16,4.63,5.05
11/2/2021,4.16,4.64,5.02
11/1/2021,4.15,4.64,5.01
10/29/2021,4.07,4.61,4.92
10/28/2021,4.04,4.6,4.94
10/27/2021,4.05,4.61,4.95
10/26/2021,4.03,4.58,4.95
10/25/2021,4.04,4.59,4.97
10/22/2021,4.02,4.57,4.92
10/21/2021,4.02,4.6,4.95
10/20/2021,4.04,4.62,5.06
10/19/2021,4.03,4.61,5.08
10/18/2021,4.02,4.57,5.09
10/15/2021,4.02,4.56,5.08
10/14/2021,3.84,4.55,5.09
10/13/2021,3.79,4.56,5.07
10/12/2021,3.81,4.6,5.12
10/11/2021,3.57,4.32,4.85
10/8/2021,3.47,4.11,4.69
10/7/2021,3.45,4.06,4.64
10/6/2021,3.44,4.05,4.68
10/5/2021,3.43,4.11,4.72
10/4/2021,3.35,3.91,4.54
10/1/2021,3.27,3.81,4.44
9/30/2021,3.21,3.71,4.26
9/29/2021,3.21,3.71,4.25
9/28/2021,3.19,3.66,4.16
9/27/2021,3.19,3.66,4.12
9/24/2021,3.17,3.61,4.02
9/23/2021,3.18,3.57,3.96
9/22/2021,3.18,3.58,3.98
9/21/2021,3.19,3.6,3.98
9/20/2021,3.21,3.6,3.98
9/17/2021,3.23,3.6,3.98
9/16/2021,3.26,3.62,4.03
9/15/2021,3.26,3.62,4.09
9/14/2021,3.27,3.64,4.12
9/13/2021,3.27,3.56,4.13
9/10/2021,3.26,3.56,4.14
9/9/2021,3.26,3.56,4.15
9/8/2021,3.24,3.55,4.12
9/7/2021,3.24,3.52,4.09
9/6/2021,3.23,3.52,4.07
9/3/2021,3.25,3.52,4.09
9/2/2021,3.21,3.46,4.06
9/1/2021,3.07,3.28,3.92
8/31/2021,3.07,3.27,3.91
8/30/2021,3.07,3.27,3.91
8/27/2021,3.03,3.21,3.87
8/26/2021,3.04,3.19,3.86
8/25/2021,2.93,3.11,3.81
8/24/2021,2.87,3.1,3.79
8/23/2021,2.87,3.1,3.78
8/20/2021,2.86,3.09,3.82
8/19/2021,2.86,3.1,3.87
8/18/2021,2.86,3.1,3.87
8/17/2021,2.86,3.1,3.87
8/16/2021,2.86,3.1,3.9
8/13/2021,2.84,3.09,3.88
8/12/2021,2.82,3.07,3.9
8/11/2021,2.81,3.07,3.91
8/10/2021,2.8,3.05,3.92
8/9/2021,2.73,2.96,3.8
8/6/2021,2.7,2.95,3.78
8/5/2021,2.73,2.96,3.78
8/4/2021,2.72,2.97,3.8
8/3/2021,2.71,2.96,3.78
8/2/2021,2.71,2.95,3.79
7/30/2021,2.71,2.96,3.74
7/29/2021,2.71,2.95,3.74
7/28/2021,2.71,2.96,3.76
7/27/2021,2.72,2.96,3.78
7/26/2021,2.71,2.96,3.78
7/23/2021,2.72,2.96,3.79
7/22/2021,2.72,2.96,3.79
7/21/2021,2.71,2.96,3.78
7/20/2021,2.72,2.97,3.7
7/19/2021,2.71,2.97,3.71
7/16/2021,2.7,2.96,3.66
7/15/2021,2.71,2.97,3.67
7/14/2021,2.7,2.99,3.67
7/13/2021,2.54,2.8,3.59
7/12/2021,2.52,2.77,3.56
7/9/2021,2.53,2.78,3.51
7/8/2021,2.48,2.74,3.43
7/7/2021,2.47,2.75,3.43
7/6/2021,2.46,2.75,3.42
7/5/2021,2.46,2.74,3.43
7/2/2021,2.47,2.75,3.44
7/1/2021,2.47,2.74,3.44
6/30/2021,2.46,2.74,3.45
6/29/2021,2.47,2.73,3.44
6/28/2021,2.46,2.72,3.42
6/25/2021,2.45,2.72,3.41
6/24/2021,2.42,2.71,3.41
6/23/2021,2.41,2.71,3.41
6/22/2021,2.41,2.71,3.41
6/18/2021,2.41,2.71,3.4
6/17/2021,2.4,2.71,3.38
6/16/2021,2.39,2.67,3.34
6/15/2021,2.39,2.67,3.34
6/14/2021,2.39,2.67,3.36
6/11/2021,2.4,2.67,3.36
6/10/2021,2.4,2.66,3.36
6/9/2021,2.41,2.67,3.36
6/8/2021,2.41,2.66,3.36
6/7/2021,2.41,2.67,3.35
6/4/2021,2.41,2.66,3.35
6/3/2021,2.4,2.65,3.34
6/2/2021,2.41,2.65,3.35
5/31/2021,2.4,2.65,3.34
5/28/2021,2.41,2.66,3.35
5/27/2021,2.41,2.66,3.36
5/26/2021,2.41,2.67,3.38
5/25/2021,2.4,2.69,3.4
5/24/2021,2.41,2.7,3.41
5/21/2021,2.43,2.7,3.41
5/20/2021,2.43,2.71,3.4
5/19/2021,2.41,2.67,3.36
5/18/2021,2.4,2.66,3.36
5/17/2021,2.4,2.65,3.35
5/14/2021,2.4,2.65,3.35
5/13/2021,2.37,2.63,3.26
5/12/2021,2.37,2.62,3.17
5/11/2021,2.35,2.58,3.1
5/10/2021,2.36,2.58,3.1
5/7/2021,2.35,2.59,3.09
5/6/2021,2.35,2.59,3.09
5/5/2021,2.35,2.61,3.09
5/4/2021,2.36,2.61,3.09
4/29/2021,2.36,2.62,3.1
4/28/2021,2.36,2.62,3.1
4/27/2021,2.35,2.61,3.06
4/26/2021,2.36,2.62,3.06
4/23/2021,2.36,2.62,3.07
4/22/2021,2.39,2.66,3.1
4/21/2021,2.39,2.65,3.11
4/20/2021,2.4,2.66,3.13
4/19/2021,2.41,2.68,3.18
4/16/2021,2.42,2.7,3.2
4/15/2021,2.41,2.7,3.21
4/14/2021,2.37,2.63,3.14
4/13/2021,2.38,2.63,3.13
4/12/2021,2.39,2.62,3.15
4/9/2021,2.36,2.58,3.13
4/8/2021,2.37,2.6,3.19
4/7/2021,2.36,2.6,3.2
4/6/2021,2.37,2.6,3.21
4/5/2021,2.36,2.6,3.22
4/2/2021,2.36,2.6,3.2
4/1/2021,2.36,2.61,3.21
3/31/2021,2.37,2.62,3.23
3/30/2021,2.36,2.63,3.23
3/29/2021,2.34,2.61,3.21
3/26/2021,2.34,2.61,3.21
3/25/2021,2.32,2.62,3.27
3/24/2021,2.33,2.65,3.29
3/23/2021,2.33,2.66,3.33
3/22/2021,2.34,2.67,3.35
3/19/2021,2.36,2.68,3.35
3/18/2021,2.35,2.64,3.34
3/17/2021,2.35,2.63,3.25
3/16/2021,2.35,2.62,3.24
3/15/2021,2.35,2.62,3.22
3/12/2021,2.35,2.61,3.21
3/11/2021,2.36,2.68,3.3
3/10/2021,2.39,2.7,3.32
3/9/2021,2.41,2.75,3.35
3/8/2021,2.45,2.83,3.47
3/5/2021,2.41,2.76,3.37
3/4/2021,2.4,2.71,3.32
3/3/2021,2.37,2.66,3.27
3/2/2021,2.41,2.67,3.38
3/1/2021,2.57,2.85,3.59
2/26/2021,2.46,2.79,3.59
2/25/2021,2.36,2.62,3.45
2/24/2021,2.35,2.54,3.35
2/23/2021,2.35,2.54,3.35
2/22/2021,2.26,2.5,3.32
2/19/2021,2.25,2.48,3.31
2/18/2021,2.24,2.4,3.18
2/17/2021,2.23,2.4,3.17
2/16/2021,2.15,2.27,2.92
2/15/2021,2.14,2.26,2.85
2/12/2021,2.12,2.26,2.87
2/11/2021,2.1,2.2,2.77
2/10/2021,2.11,2.2,2.77
2/9/2021,2.11,2.2,2.76
2/8/2021,2.11,2.2,2.78
2/5/2021,2.12,2.22,2.81
2/4/2021,2.12,2.22,2.82
2/3/2021,2.11,2.22,2.8
2/2/2021,2.11,2.22,2.77
2/1/2021,2.11,2.22,2.77
1/29/2021,2.12,2.22,2.8
1/28/2021,2.13,2.23,2.8
1/27/2021,2.16,2.26,2.83
1/26/2021,2.18,2.28,2.83
1/25/2021,2.18,2.27,2.83
1/22/2021,2.18,2.28,2.83
1/21/2021,2.25,2.37,2.91
1/20/2021,2.34,2.46,2.96
1/19/2021,2.38,2.47,2.97
1/18/2021,2.39,2.47,2.97
1/15/2021,2.49,2.58,3.05
1/14/2021,2.53,2.61,3.08
1/13/2021,2.53,2.62,3.07
1/12/2021,2.53,2.61,3.07
1/11/2021,2.53,2.61,3.03
1/8/2021,2.54,2.62,3.04
1/7/2021,2.59,2.65,3.05
1/6/2021,2.59,2.65,3.03
1/5/2021,2.61,2.68,3.05
1/4/2021,2.64,2.72,3.08
12/31/2020,2.64,2.72,3.08
12/30/2020,2.66,2.72,3.08
12/29/2020,2.66,2.72,3.08
12/28/2020,2.66,2.73,3.09
12/24/2020,2.66,2.73,3.08
12/23/2020,2.65,2.73,3.08
12/22/2020,2.65,2.73,3.08
12/21/2020,2.66,2.75,3.11
12/18/2020,2.66,2.75,3.14
12/17/2020,2.68,2.78,3.22
12/16/2020,2.7,2.79,3.32
12/15/2020,2.71,2.81,3.34
12/14/2020,2.72,2.81,3.36
12/11/2020,2.72,2.81,3.37
12/10/2020,2.73,2.84,3.4
12/9/2020,2.73,2.85,3.4
12/8/2020,2.74,2.85,3.43
12/7/2020,2.74,2.86,3.41
12/4/2020,2.75,2.87,3.38
12/3/2020,2.75,2.89,3.38
12/2/2020,2.76,2.89,3.38
11/27/2020,2.76,2.88,3.37
11/26/2020,2.8,2.91,3.35
11/25/2020,2.76,2.9,3.38
11/24/2020,2.76,2.9,3.37
11/23/2020,2.77,2.93,3.39
11/20/2020,2.81,2.96,3.34
11/19/2020,2.81,2.96,3.33
11/18/2020,2.81,2.96,3.34
11/17/2020,2.82,2.99,3.31
11/16/2020,2.82,2.99,3.31
11/13/2020,2.82,2.99,3.3
11/12/2020,2.85,3.01,3.33
11/11/2020,2.89,3.02,3.37
11/10/2020,2.86,3.01,3.32
11/9/2020,2.85,3.01,3.28
11/6/2020,2.88,3.02,3.31
11/5/2020,2.91,3.07,3.33
11/4/2020,2.9,3.11,3.38
11/3/2020,2.97,3.18,3.43
11/2/2020,2.97,3.19,3.44
10/30/2020,3.02,3.24,3.52
10/29/2020,3.07,3.26,3.52
10/28/2020,3.11,3.27,3.51
10/27/2020,3.12,3.27,3.47
10/26/2020,3.12,3.27,3.47
10/23/2020,3.09,3.26,3.45
10/22/2020,3.12,3.27,3.46
10/21/2020,3.13,3.29,3.47
10/20/2020,3.16,3.28,3.47
10/19/2020,3.16,3.29,3.47
10/16/2020,3.15,3.3,3.48
10/15/2020,3.14,3.27,3.46
10/14/2020,3.16,3.31,3.49
10/13/2020,3.16,3.32,3.49
10/12/2020,3.16,3.32,3.49
10/9/2020,3.16,3.33,3.49
10/8/2020,3.16,3.32,3.48
10/7/2020,3.16,3.35,3.48
10/6/2020,3.15,3.32,3.48
10/5/2020,3.17,3.34,3.53
10/2/2020,3.19,3.35,3.53
10/1/2020,3.2,3.37,3.55
9/30/2020,3.21,3.37,3.55
9/29/2020,3.21,3.38,3.56
9/28/2020,3.21,3.38,3.56
9/25/2020,3.2,3.4,3.59
9/24/2020,3.18,3.38,3.57
9/23/2020,3.18,3.41,3.62
9/22/2020,3.12,3.38,3.59
9/21/2020,3.12,3.36,3.56
9/18/2020,3.07,3.36,3.55
9/17/2020,3.07,3.36,3.52
9/16/2020,3.08,3.37,3.56
9/15/2020,3.1,3.39,3.6
9/14/2020,3.15,3.44,3.71
9/11/2020,3.15,3.42,3.7
9/10/2020,3.12,3.42,3.71
9/9/2020,3.12,3.41,3.71
9/8/2020,3.12,3.41,3.71
9/7/2020,3.07,3.4,3.67
9/4/2020,3.09,3.39,3.7
9/3/2020,3.2,3.46,3.77
9/2/2020,3.2,3.46,3.77
9/1/2020,3.29,3.52,3.9
8/31/2020,3.29,3.53,3.9
8/28/2020,3.31,3.53,3.93
8/27/2020,3.33,3.55,3.96
8/26/2020,3.38,3.53,3.97
8/25/2020,3.43,3.54,4.02
8/24/2020,3.47,3.76,4.11
8/21/2020,3.51,3.8,4.21
8/20/2020,3.51,3.82,4.21
8/19/2020,3.5,3.81,4.15
8/18/2020,3.41,3.61,3.96
8/17/2020,3.4,3.6,3.94
8/14/2020,3.4,3.6,3.9
8/13/2020,3.4,3.6,3.9
8/12/2020,3.37,3.56,3.83
8/11/2020,3.37,3.56,3.8
8/10/2020,3.38,3.56,3.81
8/7/2020,3.4,3.59,3.81
8/6/2020,3.43,3.62,3.83
8/5/2020,3.55,3.75,4.04
8/4/2020,3.56,3.75,4.04
8/3/2020,3.55,3.75,4.05
7/31/2020,3.58,3.75,4
7/30/2020,3.51,3.71,3.95
7/29/2020,3.56,3.75,3.95
7/28/2020,3.56,3.73,3.95
7/27/2020,3.54,3.74,3.95
7/24/2020,3.56,3.73,3.93
7/23/2020,3.61,3.76,4
7/22/2020,3.66,3.82,4.05
7/21/2020,3.7,3.86,4.11
7/20/2020,3.7,3.86,4.15
7/17/2020,3.62,3.83,4.14
7/16/2020,3.62,3.86,4.17
7/15/2020,3.64,3.88,4.17
7/14/2020,3.65,3.87,4.17
7/13/2020,3.65,3.91,4.17
7/10/2020,3.63,3.87,4.17
7/9/2020,3.58,3.81,4.12
7/8/2020,3.57,3.76,4.06
7/7/2020,3.56,3.71,4
7/6/2020,3.56,3.71,4
7/3/2020,3.57,3.71,3.99
7/2/2020,3.55,3.7,3.98
7/1/2020,3.55,3.7,3.98
6/30/2020,3.54,3.7,3.98
6/29/2020,3.55,3.69,3.97
6/26/2020,3.54,3.69,3.98
6/25/2020,3.56,3.72,3.98
6/24/2020,3.59,3.75,4.03
6/23/2020,3.59,3.75,4.03
6/22/2020,3.59,3.75,4.03
6/19/2020,3.59,3.75,4.03
6/18/2020,3.6,3.76,4.03
6/17/2020,3.59,3.73,4.01
6/16/2020,3.59,3.73,4.01
6/15/2020,3.61,3.76,4
6/12/2020,3.61,3.76,3.97
6/11/2020,3.62,3.77,3.96
6/10/2020,3.61,3.76,3.92
6/9/2020,3.62,3.8,3.95
6/5/2020,3.66,3.84,4.07
6/4/2020,3.67,3.87,4.13
6/3/2020,3.63,3.77,4.1
6/2/2020,3.63,3.79,4.14
5/29/2020,3.72,3.83,4.19
5/28/2020,3.76,3.87,4.5
5/27/2020,3.79,3.9,4.6
5/26/2020,3.79,3.9,4.62
5/25/2020,3.8,3.9,4.62
5/22/2020,3.81,3.91,4.62
5/21/2020,3.82,3.91,4.62
5/20/2020,3.81,3.88,4.61
5/19/2020,3.78,3.85,4.54
5/18/2020,3.78,3.85,4.53
5/15/2020,3.76,3.83,4.54
5/14/2020,3.75,3.82,4.55
5/13/2020,3.75,3.81,4.56
5/12/2020,3.76,3.82,4.58
5/11/2020,3.81,3.84,4.63
5/8/2020,3.84,3.9,4.69
5/7/2020,3.85,3.89,4.7
5/6/2020,3.85,3.89,4.73
5/5/2020,3.92,3.96,4.84
5/4/2020,3.92,3.97,4.84
4/30/2020,3.91,3.98,4.84
4/29/2020,3.91,3.98,4.82
4/28/2020,3.9,3.99,4.83
4/27/2020,3.96,4.07,4.86
4/24/2020,3.95,4.07,4.88
4/23/2020,3.92,4.01,4.81
4/22/2020,3.92,4.03,4.84
4/21/2020,3.93,4.03,4.87
4/16/2020,3.94,4.05,4.94
4/15/2020,3.97,4.08,4.99
4/14/2020,3.98,4.09,5
4/13/2020,3.98,4.09,5
4/10/2020,3.99,4.09,5.01
4/9/2020,3.99,4.1,5.01
4/8/2020,3.99,4.11,5.02
4/7/2020,3.97,4.13,5.03
4/6/2020,4,4.1,5
4/3/2020,4.01,4.17,5.12
4/2/2020,4.06,4.24,5.34
4/1/2020,4.09,4.28,5.47
3/31/2020,4.01,4.22,5.18
3/30/2020,3.86,4.06,4.85
3/27/2020,3.63,3.95,4.64
3/26/2020,3.68,4.01,4.84
3/25/2020,3.69,4.06,4.85
3/24/2020,3.8,4.28,5.36
3/23/2020,3.97,4.17,5.31
3/20/2020,4.62,4.96,5.8
3/19/2020,4.77,5.31,6.1
3/18/2020,4.78,5.24,6.14
3/17/2020,4.58,4.99,5.64
3/16/2020,4.33,4.7,5.3
3/13/2020,4.29,4.5,5.08
3/12/2020,3.65,3.91,4.5
3/11/2020,3.31,3.51,4.03
3/10/2020,3.26,3.5,4.01
3/9/2020,3.24,3.51,4.04
3/6/2020,3.2,3.44,3.92
3/5/2020,3.21,3.5,3.93
3/4/2020,3.22,3.5,3.94
3/3/2020,3.26,3.6,4.05
3/2/2020,3.29,3.66,4.13
2/28/2020,3.29,3.68,4.17
2/27/2020,3.22,3.59,4
2/26/2020,3.26,3.64,4.1
2/25/2020,3.27,3.61,4.07
2/24/2020,3.29,3.59,3.95
2/21/2020,3.3,3.57,3.92
2/20/2020,3.36,3.61,3.96
2/19/2020,3.38,3.63,3.97
2/18/2020,3.38,3.64,3.99
2/17/2020,3.41,3.65,3.98
2/14/2020,3.42,3.67,4
2/13/2020,3.5,3.71,4.08
2/12/2020,3.53,3.79,4.14
2/11/2020,3.52,3.78,4.15
2/10/2020,3.53,3.83,4.15
2/7/2020,3.56,3.86,4.2
2/6/2020,3.6,3.89,4.29
2/5/2020,3.61,3.9,4.28
2/4/2020,3.62,3.91,4.28
2/3/2020,3.63,3.91,4.29
1/31/2020,3.63,3.91,4.28
1/30/2020,3.62,3.88,4.22
1/29/2020,3.68,3.93,4.27
1/28/2020,3.72,3.94,4.26
1/27/2020,3.73,3.95,4.29
1/23/2020,3.77,3.95,4.32
1/22/2020,3.76,3.97,4.34
1/21/2020,3.76,3.96,4.36
1/20/2020,3.77,3.97,4.36
1/17/2020,3.76,3.96,4.33
1/16/2020,3.72,3.96,4.35
1/15/2020,3.72,3.95,4.34
1/14/2020,3.73,3.99,4.38
1/13/2020,3.74,4,4.38
1/10/2020,3.73,3.99,4.36
1/9/2020,3.79,4,4.39
1/8/2020,3.79,4.01,4.41
1/7/2020,3.79,4,4.42
1/6/2020,3.79,3.99,4.41
1/3/2020,3.81,4,4.48
12/31/2019,3.81,4.03,4.51
12/30/2019,3.81,4.04,4.51
12/27/2019,3.81,4.06,4.53
12/24/2019,3.82,4.07,4.54
12/23/2019,3.83,4.11,4.56
12/20/2019,3.85,4.16,4.6
12/19/2019,3.88,4.22,4.66
12/18/2019,3.91,4.22,4.65
12/17/2019,3.89,4.21,4.67
12/16/2019,3.91,4.24,4.74
12/13/2019,3.92,4.25,4.75
12/12/2019,3.92,4.26,4.75
12/11/2019,3.91,4.26,4.77
12/10/2019,3.88,4.21,4.73
12/9/2019,3.9,4.22,4.77
12/6/2019,3.89,4.21,4.73
12/5/2019,3.91,4.21,4.75
12/4/2019,3.87,4.21,4.72
12/3/2019,3.87,4.21,4.71
12/2/2019,3.82,4.18,4.68
11/29/2019,3.8,4.17,4.65
11/28/2019,3.74,4.13,4.54
11/27/2019,3.72,4.11,4.53
11/26/2019,3.7,4.1,4.5
11/25/2019,3.68,4.09,4.49
11/22/2019,3.67,4.1,4.49
11/21/2019,3.66,4.07,4.46
11/20/2019,3.67,4.13,4.54
11/19/2019,3.71,4.16,4.55
11/18/2019,3.7,4.16,4.55
11/15/2019,3.7,4.15,4.55
11/14/2019,3.65,4.08,4.51
11/13/2019,3.6,3.98,4.41
11/12/2019,3.66,3.99,4.41
11/11/2019,3.68,4,4.41
11/8/2019,3.63,3.96,4.36
11/7/2019,3.62,3.92,4.27
11/6/2019,3.6,3.91,4.26
11/5/2019,3.57,3.91,4.24
11/4/2019,3.61,3.95,4.26
11/1/2019,3.6,3.95,4.25
10/31/2019,3.6,3.95,4.26
10/30/2019,3.6,3.96,4.26
10/29/2019,3.6,3.97,4.26
10/28/2019,3.61,3.97,4.26
10/25/2019,3.61,3.97,4.24
10/24/2019,3.6,3.96,4.24
10/23/2019,3.59,3.96,4.21
10/22/2019,3.59,3.96,4.22
10/21/2019,3.59,3.96,4.22
10/18/2019,3.59,3.94,4.2
10/17/2019,3.61,3.96,4.22
10/16/2019,3.63,3.95,4.24
10/15/2019,3.6,3.9,4.2
10/14/2019,3.6,3.89,4.19
10/11/2019,3.61,3.9,4.2
10/10/2019,3.63,3.93,4.22
10/9/2019,3.61,3.92,4.22
10/8/2019,3.6,3.91,4.19
10/7/2019,3.57,3.92,4.18
10/4/2019,3.54,3.95,4.2
10/3/2019,3.55,3.95,4.21
10/2/2019,3.55,3.96,4.2
10/1/2019,3.55,3.96,4.21
9/30/2019,3.53,3.91,4.18
9/27/2019,3.55,3.92,4.2
9/26/2019,3.55,3.96,4.2
9/25/2019,3.56,3.97,4.21
9/24/2019,3.57,3.99,4.24
9/23/2019,3.58,4,4.26
9/20/2019,3.53,3.93,4.25
9/19/2019,3.54,3.93,4.24
9/18/2019,3.53,3.92,4.23
9/17/2019,3.56,3.94,4.24
9/16/2019,3.55,3.92,4.24
9/13/2019,3.54,3.89,4.2
9/12/2019,3.55,3.89,4.3
9/11/2019,3.55,3.91,4.31
9/10/2019,3.55,3.9,4.29
9/9/2019,3.56,3.9,4.29
9/6/2019,3.52,3.85,4.22
9/5/2019,3.52,3.85,4.21
9/4/2019,3.5,3.75,4.11
9/3/2019,3.49,3.75,4.1
9/2/2019,3.52,3.82,4.15
8/30/2019,3.53,3.82,4.18
8/29/2019,3.53,3.79,4.15
8/28/2019,3.55,3.81,4.14
8/27/2019,3.59,3.88,4.22
8/26/2019,3.5,3.78,4.11
8/23/2019,3.52,3.81,4.19
8/22/2019,3.51,3.78,4.14
8/21/2019,3.49,3.75,4.06
8/20/2019,3.5,3.74,4.05
8/19/2019,3.51,3.72,4.03
8/16/2019,3.53,3.74,4.06
8/14/2019,3.57,3.79,4.11
8/13/2019,3.57,3.81,4.11
8/12/2019,3.6,3.89,4.18
8/9/2019,3.6,3.89,4.18
8/8/2019,3.6,3.89,4.21
8/7/2019,3.61,3.93,4.25
8/6/2019,3.63,3.95,4.27
8/5/2019,3.68,4.01,4.38
8/2/2019,3.72,4.04,4.44
8/1/2019,3.75,4.09,4.55
7/31/2019,3.67,3.96,4.37
7/30/2019,3.68,3.96,4.34
7/29/2019,3.61,3.91,4.24
7/26/2019,3.62,3.91,4.26
7/25/2019,3.63,3.95,4.25
7/24/2019,3.64,3.99,4.26
7/23/2019,3.66,4.01,4.43
7/22/2019,3.79,4.1,4.54
7/19/2019,3.8,4.14,4.59
7/18/2019,3.79,4.14,4.6
7/17/2019,3.8,4.15,4.58
7/16/2019,3.8,4.15,4.59
7/15/2019,3.82,4.19,4.67
7/12/2019,3.84,4.19,4.66
7/11/2019,3.89,4.22,4.66
7/10/2019,3.9,4.25,4.69
7/9/2019,3.78,4.25,4.69
7/8/2019,3.77,4.19,4.62
7/5/2019,3.76,4.07,4.59
7/4/2019,3.79,4.1,4.62
7/3/2019,3.8,4.11,4.66
7/2/2019,3.83,4.17,4.71
7/1/2019,3.81,4.16,4.69
6/28/2019,3.81,4.14,4.65
6/27/2019,3.77,4.06,4.54
6/26/2019,3.76,4.06,4.51
6/25/2019,3.77,4.07,4.51
6/24/2019,3.76,4.08,4.52
6/21/2019,3.79,4.09,4.54
6/20/2019,3.79,4.04,4.53
6/19/2019,3.84,4.15,4.58
6/18/2019,3.87,4.18,4.63
6/14/2019,3.87,4.21,4.7
6/13/2019,3.88,4.24,4.72
6/12/2019,3.88,4.24,4.73
6/11/2019,3.88,4.22,4.72
6/10/2019,3.88,4.23,4.72
6/7/2019,3.86,4.24,4.77
6/6/2019,3.86,4.25,4.79
6/5/2019,3.84,4.25,4.79
6/4/2019,3.84,4.23,4.8
6/3/2019,3.89,4.28,4.9
5/31/2019,3.89,4.32,4.93
5/30/2019,3.89,4.34,4.96
5/29/2019,3.91,4.38,4.99
5/28/2019,3.93,4.41,5
5/27/2019,3.93,4.42,5.05
5/24/2019,3.93,4.42,5.06
5/23/2019,3.93,4.42,5.05
5/22/2019,3.93,4.41,5.05
5/21/2019,3.92,4.36,5.01
5/20/2019,3.92,4.31,4.99
5/17/2019,3.92,4.31,4.99
5/16/2019,3.91,4.31,5
5/15/2019,3.92,4.31,5.01
5/14/2019,3.92,4.31,5.01
5/13/2019,3.93,4.32,5.02
5/10/2019,3.86,4.3,5.03
5/9/2019,3.86,4.29,5.05
5/8/2019,3.85,4.26,5.04
5/7/2019,3.85,4.26,5.04
5/6/2019,3.85,4.26,5.03
5/3/2019,3.83,4.27,5.03
5/2/2019,3.84,4.28,5.03
4/30/2019,3.84,4.29,5.02
4/25/2019,3.84,4.3,5.01
4/24/2019,3.86,4.31,5.03
4/23/2019,3.88,4.33,5.03
4/22/2019,3.92,4.34,5.04
4/19/2019,3.93,4.34,5.04
4/18/2019,3.93,4.35,5.04
4/17/2019,3.93,4.34,5.04
4/16/2019,3.94,4.36,5.05
4/15/2019,3.94,4.37,5.05
4/12/2019,3.94,4.34,5.04
4/11/2019,3.99,4.37,5.08
4/10/2019,3.91,4.31,5.02
4/9/2019,3.87,4.27,4.98
4/8/2019,3.87,4.28,4.98
4/5/2019,3.87,4.29,4.98
4/4/2019,3.88,4.29,4.98
4/3/2019,3.88,4.29,4.98
4/2/2019,3.8,4.2,4.92
4/1/2019,3.76,4.16,4.85
3/29/2019,3.73,4.14,4.85
3/28/2019,3.73,4.14,4.85
3/27/2019,3.75,4.16,4.86
3/26/2019,3.72,4.14,4.83
3/25/2019,3.72,4.15,4.84
3/22/2019,3.7,4.13,4.83
3/21/2019,3.7,4.14,4.8
3/20/2019,3.75,4.2,4.84
3/19/2019,3.75,4.2,4.85
3/18/2019,3.76,4.23,4.86
3/15/2019,3.87,4.37,5.05
3/14/2019,3.87,4.31,5
3/13/2019,3.76,4.24,4.88
3/12/2019,3.78,4.25,4.9
3/11/2019,3.74,4.11,4.75
3/8/2019,3.78,4.15,4.77
3/7/2019,3.84,4.17,4.78
3/6/2019,3.85,4.19,4.78
3/5/2019,3.87,4.21,4.81
3/4/2019,3.93,4.28,4.86
3/1/2019,3.95,4.31,4.96
2/28/2019,3.85,4.18,4.84
2/27/2019,3.91,4.31,4.89
2/26/2019,3.9,4.32,4.9
2/25/2019,3.95,4.33,4.9
2/22/2019,3.97,4.35,4.91
2/21/2019,3.95,4.34,4.9
2/20/2019,3.94,4.29,4.88
2/19/2019,3.88,4.23,4.84
2/18/2019,3.89,4.25,4.93
2/15/2019,3.91,4.27,4.93
2/14/2019,3.95,4.33,4.95
2/13/2019,3.96,4.33,4.95
2/12/2019,3.97,4.33,4.95
2/11/2019,3.98,4.33,4.91
2/8/2019,4.07,4.38,4.85
2/7/2019,4.18,4.5,4.93
2/6/2019,4.19,4.54,4.99
2/5/2019,4.19,4.55,5.01
2/4/2019,4.14,4.47,4.92
2/1/2019,4.17,4.5,4.88
1/31/2019,4.23,4.66,4.96
1/30/2019,4.26,4.7,4.98
1/29/2019,4.4,4.89,5.24
1/28/2019,4.38,4.84,5.3
1/25/2019,4.35,4.8,5.21
1/23/2019,4.27,4.7,5.15
1/22/2019,4.26,4.68,5.16
1/21/2019,4.19,4.64,5.13
1/18/2019,4.2,4.64,5.14
1/17/2019,4.23,4.73,5.15
1/16/2019,4.14,4.56,5.01
1/15/2019,4.12,4.52,5
1/14/2019,4.09,4.48,4.87
1/11/2019,4.04,4.32,4.68
1/10/2019,4.09,4.33,4.68
1/9/2019,4.1,4.29,4.66
1/8/2019,4.12,4.31,4.69
1/7/2019,4.13,4.3,4.68
1/4/2019,4.12,4.33,4.72
1/3/2019,4.15,4.4,4.84
12/31/2018,4.17,4.45,4.91
12/28/2018,4.16,4.43,4.91
12/27/2018,4.16,4.43,4.91
12/24/2018,4.15,4.41,4.92
12/21/2018,3.9,4.44,4.97
12/20/2018,3.87,4.46,4.97
12/19/2018,3.9,4.48,5.08
12/18/2018,3.54,4.21,4.81
12/17/2018,3.53,4.19,4.79
12/14/2018,3.53,4.2,4.8
12/13/2018,3.55,4.23,4.83
12/12/2018,3.55,4.24,4.84
12/11/2018,3.58,4.29,4.88
12/10/2018,3.65,4.36,4.96
12/7/2018,3.7,4.38,4.97
12/6/2018,3.7,4.38,4.98
12/5/2018,3.69,4.36,4.98
12/4/2018,3.74,4.39,5.02
12/3/2018,3.79,4.41,5.04
11/29/2018,3.85,4.46,5.05
11/28/2018,3.85,4.48,5.04
11/27/2018,3.88,4.52,4.87
11/26/2018,3.89,4.53,4.91
11/23/2018,3.91,4.54,4.91
11/22/2018,3.91,4.53,4.89
11/21/2018,3.92,4.54,4.9
11/20/2018,3.93,4.55,4.89
11/19/2018,3.97,4.55,4.88
11/16/2018,3.97,4.55,4.88
11/15/2018,4.05,4.63,4.9
11/14/2018,3.97,4.53,4.83
11/13/2018,3.98,4.52,4.8
11/12/2018,4,4.51,4.8
11/9/2018,4.01,4.52,4.79
11/8/2018,4.05,4.53,4.79
11/7/2018,4.07,4.53,4.81
11/6/2018,4.09,4.52,4.82
11/5/2018,4.19,4.65,4.95
11/2/2018,4.24,4.7,4.97
11/1/2018,4.24,4.69,4.97
10/31/2018,4.26,4.73,4.98
10/30/2018,4.28,4.75,5
10/29/2018,4.27,4.79,5.02
10/26/2018,4.29,4.84,5.05
10/25/2018,4.29,4.85,5.04
10/24/2018,4.3,4.83,5.05
10/23/2018,4.29,4.84,5.05
10/22/2018,4.28,4.84,5.04
10/19/2018,4.28,4.83,5.04
10/18/2018,4.27,4.84,5.05
10/17/2018,4.27,4.84,5.09
10/16/2018,4.26,4.83,5.09
10/15/2018,4.26,4.83,5.1
10/12/2018,4.26,4.83,5.1
10/11/2018,4.26,4.84,5.1
10/10/2018,4.24,4.84,5.1
10/9/2018,4.24,4.83,5.1
10/8/2018,4.24,4.83,5.14
10/5/2018,4.07,4.51,4.93
10/4/2018,4.03,4.42,4.84
10/3/2018,4.02,4.4,4.84
10/2/2018,4.03,4.4,4.84
10/1/2018,4.06,4.4,4.84
9/28/2018,4.06,4.4,4.85
9/27/2018,4.06,4.38,4.84
9/26/2018,4.06,4.38,4.84
9/25/2018,4.06,4.37,4.85
9/24/2018,4.05,4.36,4.84
9/21/2018,4.05,4.36,4.84
9/20/2018,4.04,4.37,4.85
9/19/2018,4.04,4.36,4.85
9/18/2018,4.04,4.39,4.85
9/17/2018,4.04,4.4,4.85
9/14/2018,4.04,4.4,4.86
9/13/2018,4.05,4.41,4.88
9/12/2018,4.06,4.42,4.87
9/11/2018,4.06,4.41,4.87
9/10/2018,4.06,4.42,4.87
9/7/2018,4.07,4.43,4.89
9/6/2018,4.06,4.44,4.89
9/5/2018,4.06,4.45,4.89
9/4/2018,4.06,4.44,4.89
9/3/2018,4.05,4.44,4.88
8/31/2018,4.03,4.41,4.86
8/30/2018,4.04,4.45,4.89
8/29/2018,4.01,4.43,4.87
8/28/2018,4.01,4.42,4.85
8/27/2018,4,4.4,4.8
8/24/2018,4.01,4.42,4.81
8/23/2018,4.05,4.52,4.88
8/22/2018,4.07,4.55,4.89
8/21/2018,4.08,4.58,4.9
8/20/2018,4.11,4.65,4.95
8/17/2018,4.11,4.61,4.9
8/16/2018,4.11,4.6,4.91
8/14/2018,4.11,4.6,4.89
8/13/2018,4.08,4.59,4.88
8/10/2018,4.07,4.47,4.78
8/9/2018,4.1,4.56,4.82
8/8/2018,4.12,4.6,4.84
8/7/2018,4.2,4.7,4.93
8/6/2018,4.33,4.85,5.02
8/3/2018,4.32,4.83,5.02
8/2/2018,4.31,4.78,4.96
8/1/2018,4.31,4.77,4.96
7/31/2018,4.33,4.8,4.98
7/30/2018,4.37,4.84,5.02
7/27/2018,4.4,4.86,5.05
7/26/2018,4.41,4.88,5.07
7/25/2018,4.42,4.89,5.08
7/24/2018,4.42,4.9,5.1
7/23/2018,4.42,4.89,5.08
7/20/2018,4.31,4.82,5.04
7/19/2018,4.3,4.81,5.03
7/18/2018,4.28,4.79,5.01
7/17/2018,4.29,4.79,5.01
7/16/2018,4.28,4.78,5.01
7/13/2018,4.3,4.78,5.01
7/12/2018,4.32,4.81,5.04
7/11/2018,4.38,4.9,5.19
7/10/2018,4.38,4.82,5.23
7/9/2018,4.39,4.83,5.23
7/6/2018,4.42,4.84,5.25
7/5/2018,4.45,4.88,5.28
7/4/2018,4.46,4.91,5.27
7/3/2018,4.46,4.9,5.27
7/2/2018,4.47,4.89,5.26
6/29/2018,4.46,4.92,5.3
6/28/2018,4.44,4.95,5.3
6/27/2018,4.39,4.98,5.33
6/26/2018,4.41,5.01,5.38
6/25/2018,4.11,4.77,5.13
6/22/2018,4.07,4.73,5.1
6/21/2018,4.01,4.69,5.02
6/20/2018,3.95,4.66,5.02
6/19/2018,3.94,4.63,5.01
6/18/2018,3.92,4.62,4.99
6/15/2018,3.91,4.62,5
6/14/2018,3.92,4.64,5.01
6/13/2018,3.92,4.64,5.01
6/12/2018,3.92,4.63,5
6/11/2018,3.94,4.63,5.01
6/8/2018,3.95,4.65,5.01
6/7/2018,3.95,4.65,5.02
6/6/2018,3.94,4.61,5.01
6/5/2018,3.93,4.6,5
6/4/2018,3.87,4.53,4.94
5/31/2018,3.89,4.52,4.94
5/30/2018,3.87,4.51,4.92
5/29/2018,3.82,4.45,4.88
5/25/2018,3.78,4.43,4.88
5/24/2018,3.81,4.49,4.92
5/23/2018,3.82,4.5,4.92
5/22/2018,3.8,4.49,4.91
5/21/2018,3.78,4.46,4.91
5/18/2018,3.76,4.44,4.9
5/17/2018,3.74,4.47,4.89
5/16/2018,3.69,4.41,4.84
5/15/2018,3.67,4.37,4.79
5/14/2018,3.7,4.41,4.83
5/11/2018,3.67,4.41,4.82
5/10/2018,3.7,4.43,4.84
5/9/2018,3.72,4.42,4.86
5/8/2018,3.66,4.38,4.78
5/7/2018,3.56,4.29,4.71
5/4/2018,3.52,4.26,4.69
5/3/2018,3.51,4.22,4.67
5/2/2018,3.5,4.19,4.63
4/30/2018,3.5,4.21,4.65
4/27/2018,3.49,4.22,4.65
4/26/2018,3.44,4.21,4.63
4/25/2018,3.4,4.19,4.65
4/24/2018,3.35,4.12,4.57
4/23/2018,3.32,4.12,4.59
4/20/2018,3.27,4.08,4.54
4/19/2018,3.21,4.01,4.49
4/18/2018,3.18,3.99,4.48
4/17/2018,3.19,4.01,4.52
4/16/2018,3.23,4.07,4.6
4/13/2018,3.13,3.98,4.51
4/12/2018,3.13,3.97,4.49
4/11/2018,3.13,3.96,4.46
4/10/2018,3.16,3.97,4.47
4/5/2018,3.23,4,4.49
4/4/2018,3.26,4.03,4.52
4/3/2018,3.27,4.03,4.53
4/2/2018,3.27,4.03,4.52
3/30/2018,3.27,4.03,4.53
3/29/2018,3.27,4.03,4.54
3/28/2018,3.27,4.05,4.55
3/27/2018,3.27,4.05,4.55
3/26/2018,3.27,4.04,4.56
3/23/2018,3.26,4.02,4.55
3/22/2018,3.27,4.04,4.52
3/21/2018,3.28,4.05,4.54
3/20/2018,3.27,4.04,4.52
3/19/2018,3.25,4.04,4.52
3/16/2018,3.27,4.11,4.55
3/15/2018,3.3,4.18,4.62
3/14/2018,3.29,4.18,4.63
3/13/2018,3.31,4.21,4.65
3/12/2018,3.37,4.22,4.66
3/9/2018,3.43,4.25,4.68
3/8/2018,3.46,4.25,4.67
3/7/2018,3.47,4.24,4.65
3/6/2018,3.5,4.23,4.65
3/5/2018,3.52,4.22,4.65
3/2/2018,3.49,4.08,4.63
3/1/2018,3.48,4.02,4.55
2/28/2018,3.5,4.02,4.55
2/27/2018,3.52,4.04,4.59
2/26/2018,3.53,4.04,4.6
2/23/2018,3.52,4.03,4.61
2/22/2018,3.54,4.05,4.62
2/21/2018,3.56,4.04,4.65
2/20/2018,3.57,4.07,4.66
2/19/2018,3.59,4.08,4.66
2/16/2018,3.57,4.07,4.66
2/15/2018,3.58,4.08,4.68
2/14/2018,3.56,4.06,4.61
2/13/2018,3.55,4.06,4.61
2/12/2018,3.56,4.07,4.62
2/9/2018,3.56,4.06,4.62
2/8/2018,3.57,4.05,4.63
2/7/2018,3.54,4.05,4.62
2/6/2018,3.53,4.04,4.62
2/5/2018,3.54,4.03,4.61
2/2/2018,3.52,3.99,4.59
2/1/2018,3.48,3.94,4.53
1/31/2018,3.48,3.95,4.53
1/30/2018,3.53,4.01,4.55
1/29/2018,3.53,4.01,4.58
1/26/2018,3.53,3.98,4.47
1/25/2018,3.5,3.96,4.41
1/23/2018,3.47,3.94,4.39
1/22/2018,3.51,4.01,4.42
1/19/2018,3.52,4.03,4.43
1/18/2018,3.43,3.9,4.3
1/17/2018,3.43,3.9,4.32
1/16/2018,3.43,3.91,4.33
1/15/2018,3.42,3.89,4.31
1/12/2018,3.45,3.91,4.33
1/11/2018,3.43,3.89,4.31
1/10/2018,3.46,3.91,4.32
1/9/2018,3.46,3.91,4.38
1/8/2018,3.37,3.8,4.39
1/5/2018,3.38,3.78,4.38
1/4/2018,3.42,3.82,4.4
1/3/2018,3.47,3.88,4.41
12/29/2017,3.48,3.88,4.42
12/28/2017,3.47,3.88,4.4
12/27/2017,3.48,3.88,4.41
12/22/2017,3.5,3.91,4.42
12/21/2017,3.51,3.93,4.46
12/20/2017,3.49,3.92,4.47
12/19/2017,3.49,3.91,4.47
12/18/2017,3.49,3.9,4.46
12/15/2017,3.49,3.87,4.44
12/14/2017,3.47,3.86,4.42
12/13/2017,3.48,3.85,4.44
12/12/2017,3.51,3.85,4.52
12/11/2017,3.5,3.82,4.5
12/8/2017,3.49,3.81,4.48
12/7/2017,3.5,3.78,4.45
12/6/2017,3.51,3.8,4.53
12/5/2017,3.52,3.81,4.53
12/4/2017,3.56,3.87,4.61
11/29/2017,3.56,3.87,4.62
11/28/2017,3.5,3.81,4.56
11/27/2017,3.5,3.78,4.57
11/24/2017,3.5,3.82,4.59
11/23/2017,3.51,3.81,4.66
11/22/2017,3.49,3.81,4.65
11/21/2017,3.49,3.82,4.67
11/20/2017,3.48,3.82,4.68
11/17/2017,3.45,3.8,4.7
11/16/2017,3.32,3.77,4.67
11/15/2017,3.32,3.82,4.72
11/14/2017,3.18,3.73,4.72
11/13/2017,2.99,3.56,4.55
11/10/2017,2.89,3.41,4.48
11/9/2017,2.8,3.35,4.43
11/8/2017,2.77,3.3,4.39
11/7/2017,2.7,3.23,4.38
11/6/2017,2.69,3.24,4.4
11/3/2017,2.69,3.24,4.4
11/2/2017,2.69,3.22,4.4
11/1/2017,2.7,3.21,4.4
10/31/2017,2.7,3.22,4.38
10/30/2017,2.69,3.22,4.41
10/27/2017,2.73,3.26,4.43
10/26/2017,2.74,3.26,4.43
10/25/2017,2.73,3.26,4.42
10/24/2017,2.73,3.23,4.39
10/23/2017,2.72,3.22,4.35
10/20/2017,2.68,3.21,4.33
10/19/2017,2.63,3.16,4.28
10/18/2017,2.6,3.15,4.27
10/17/2017,2.64,3.22,4.33
10/16/2017,2.66,3.24,4.34
10/13/2017,2.67,3.25,4.36
10/12/2017,2.52,3.16,4.32
10/11/2017,2.52,3.14,4.33
10/10/2017,2.51,3.13,4.3
10/9/2017,2.5,3.12,4.32
10/6/2017,2.34,2.96,4.14
10/5/2017,2.32,2.94,4.11
10/4/2017,2.31,2.94,4.11
10/3/2017,2.29,2.94,4.14
10/2/2017,2.3,2.95,4.19
9/29/2017,2.29,2.97,4.2
9/28/2017,2.25,2.95,4.2
9/27/2017,2.21,2.91,4.15
9/26/2017,2.09,2.86,4.05
9/25/2017,2,2.75,4.01
9/22/2017,1.99,2.73,3.99
9/21/2017,1.98,2.71,3.97
9/20/2017,1.96,2.7,3.93
9/19/2017,1.96,2.7,3.96
9/18/2017,1.96,2.71,3.97
9/15/2017,1.97,2.7,3.97
9/14/2017,1.96,2.7,3.97
9/13/2017,1.97,2.7,3.97
9/12/2017,1.97,2.7,3.97
9/11/2017,1.96,2.7,3.97
9/8/2017,1.96,2.7,3.98
9/7/2017,1.96,2.69,3.97
9/6/2017,1.96,2.69,3.98
9/5/2017,1.96,2.69,3.98
9/4/2017,1.96,2.69,3.98
9/1/2017,1.96,2.69,3.97
8/31/2017,1.96,2.68,3.98
8/30/2017,1.96,2.68,3.98
8/29/2017,1.96,2.69,3.98
8/28/2017,1.96,2.69,3.99
8/25/2017,1.97,2.68,3.99
8/24/2017,1.98,2.7,4
8/23/2017,1.98,2.64,3.99
8/22/2017,1.96,2.64,3.97
8/21/2017,1.96,2.63,3.98
8/18/2017,1.97,2.63,4
8/17/2017,1.97,2.64,4
8/16/2017,1.97,2.64,4
8/14/2017,1.96,2.63,3.99
8/11/2017,1.97,2.64,4
8/10/2017,1.96,2.62,3.97
8/9/2017,1.96,2.62,3.97
8/8/2017,1.96,2.61,3.96
8/7/2017,1.96,2.61,3.96
8/4/2017,1.73,2.57,3.9
8/3/2017,1.79,2.61,3.91
8/2/2017,1.79,2.61,3.92
8/1/2017,1.79,2.61,3.93
7/31/2017,1.8,2.61,3.92
7/28/2017,1.79,2.61,3.93
7/27/2017,1.8,2.61,3.92
7/26/2017,1.79,2.63,3.93
7/25/2017,1.78,2.58,3.88
7/24/2017,1.78,2.57,3.88
7/21/2017,1.78,2.57,3.88
7/20/2017,1.78,2.56,3.89
7/19/2017,1.38,2.57,3.88
7/18/2017,1.4,2.59,3.89
7/17/2017,1.39,2.6,3.91
7/14/2017,1.41,2.6,3.93
7/13/2017,1.41,2.61,3.92
7/12/2017,1.43,2.66,3.95
7/11/2017,1.45,2.66,3.98
7/10/2017,1.46,2.71,4.04
7/7/2017,1.47,2.72,4.07
7/6/2017,1.47,2.71,4.07
7/5/2017,1.48,2.72,4.04
7/4/2017,1.48,2.71,4.07
7/3/2017,1.46,2.68,4
6/30/2017,1.47,2.68,4
6/29/2017,1.4,2.63,3.87
6/28/2017,1.39,2.57,3.81
6/27/2017,1.37,2.52,3.73
6/26/2017,1.41,2.55,3.77
6/23/2017,1.41,2.56,3.79
6/22/2017,1.42,2.56,3.8
6/21/2017,1.42,2.57,3.8
6/20/2017,1.43,2.56,3.8
6/19/2017,1.43,2.56,3.79
6/16/2017,1.44,2.57,3.79
6/15/2017,1.44,2.54,3.78
6/14/2017,1.43,2.54,3.75
6/13/2017,1.43,2.55,3.76
6/12/2017,1.45,2.57,3.77
6/9/2017,1.45,2.58,3.79
6/8/2017,1.45,2.57,3.79
6/7/2017,1.46,2.55,3.76
6/6/2017,1.45,2.54,3.75
6/2/2017,1.46,2.55,3.74
5/31/2017,1.46,2.55,3.74
5/30/2017,1.46,2.55,3.73
5/29/2017,1.49,2.57,3.73
5/26/2017,1.49,2.57,3.73
5/25/2017,1.51,2.59,3.75
5/24/2017,1.52,2.6,3.75
5/23/2017,1.53,2.62,3.76
5/22/2017,1.53,2.7,3.79
5/19/2017,1.55,2.72,3.81
5/18/2017,1.55,2.73,3.8
5/17/2017,1.55,2.74,3.82
5/16/2017,1.55,2.77,3.81
5/15/2017,1.57,2.78,3.81
5/12/2017,1.58,2.79,3.89
5/11/2017,1.6,2.82,3.94
5/10/2017,1.61,2.83,3.93
5/9/2017,1.63,2.87,3.95
5/8/2017,1.64,2.89,3.95
5/5/2017,1.66,2.89,3.95
5/4/2017,1.67,2.89,3.95
5/3/2017,1.67,2.89,3.95
5/2/2017,1.68,2.92,3.95
4/28/2017,1.66,2.89,3.93
4/27/2017,1.67,2.9,3.93
4/26/2017,1.67,2.88,3.9
4/25/2017,1.65,2.87,3.88
4/24/2017,1.65,2.87,3.87
4/21/2017,1.63,2.85,3.85
4/20/2017,1.63,2.86,3.85
4/19/2017,1.62,2.85,3.84
4/18/2017,1.63,2.87,3.89
4/14/2017,1.62,2.87,3.9
4/13/2017,1.63,2.92,3.91
4/12/2017,1.64,2.91,3.92
4/11/2017,1.65,2.91,3.9
4/10/2017,1.65,2.92,3.91
4/7/2017,1.66,2.93,3.93
4/6/2017,1.67,2.95,3.95
4/5/2017,1.67,2.95,3.95
4/4/2017,1.67,2.97,3.95
4/3/2017,1.67,2.97,3.96
3/31/2017,1.67,2.98,3.97
3/30/2017,1.67,2.97,3.98
3/29/2017,1.67,2.98,3.97
3/28/2017,1.67,2.99,3.98
3/27/2017,1.66,2.98,3.98
3/24/2017,1.7,3.01,4.01
3/23/2017,1.7,3,4.02
3/22/2017,1.73,3.04,4.08
3/21/2017,1.72,3.05,4.1
3/20/2017,1.76,3.05,4.1
3/17/2017,1.77,3.08,4.12
3/16/2017,1.76,3.07,4.11
3/15/2017,1.78,3.09,4.14
3/14/2017,1.8,3.1,4.17
3/13/2017,1.81,3.11,4.2
3/10/2017,1.82,3.1,4.18
3/9/2017,1.81,3.1,4.18
3/8/2017,1.79,3.1,4.15
3/7/2017,1.77,2.77,3.82
3/6/2017,1.76,2.77,3.82
3/3/2017,1.75,2.75,3.8
3/2/2017,1.75,2.73,3.78
3/1/2017,1.75,2.73,3.74
2/28/2017,1.74,2.71,3.72
2/27/2017,1.74,2.72,3.72
2/24/2017,1.76,2.72,3.72
2/23/2017,1.76,2.73,3.72
2/22/2017,1.75,2.72,3.71
2/21/2017,1.77,2.72,3.71
2/20/2017,1.76,2.72,3.69
2/17/2017,1.77,2.72,3.7
2/16/2017,1.78,2.75,3.77
2/15/2017,1.77,2.72,3.7
2/14/2017,1.77,2.73,3.68
2/13/2017,1.77,2.73,3.68
2/10/2017,1.78,2.72,3.67
2/9/2017,1.79,2.74,3.68
2/8/2017,1.78,2.76,3.71
2/7/2017,1.79,2.78,3.72
2/6/2017,1.82,2.79,3.69
2/3/2017,1.85,2.83,3.83
2/2/2017,1.9,2.9,3.91
2/1/2017,1.9,2.9,3.92
1/31/2017,1.82,2.8,3.79
1/30/2017,1.81,2.73,3.73
1/27/2017,1.78,2.7,3.68
1/26/2017,1.73,2.66,3.61
1/25/2017,1.69,2.61,3.56
1/23/2017,1.69,2.61,3.53
1/20/2017,1.67,2.6,3.51
1/19/2017,1.68,2.58,3.51
1/18/2017,1.67,2.57,3.49
1/17/2017,1.67,2.58,3.51
1/16/2017,1.69,2.6,3.58
1/13/2017,1.68,2.6,3.58
1/12/2017,1.64,2.54,3.53
1/11/2017,1.62,2.53,3.53
1/10/2017,1.59,2.49,3.5
1/9/2017,1.58,2.48,3.5
1/6/2017,1.58,2.48,3.52
1/5/2017,1.59,2.48,3.53
1/4/2017,1.62,2.48,3.57
1/3/2017,1.62,2.47,3.55
12/30/2016,1.66,2.54,3.6
12/29/2016,1.66,2.57,3.66
12/28/2016,1.66,2.58,3.69
12/27/2016,1.67,2.58,3.69
12/23/2016,1.66,2.58,3.71
12/22/2016,1.67,2.59,3.72
12/21/2016,1.66,2.6,3.73
12/20/2016,1.67,2.6,3.74
12/19/2016,1.67,2.6,3.74
12/16/2016,1.68,2.61,3.75
12/15/2016,1.68,2.61,3.74
12/14/2016,1.64,2.53,3.63
12/13/2016,1.63,2.54,3.63
12/12/2016,1.63,2.53,3.63
12/9/2016,1.64,2.51,3.6
12/8/2016,1.64,2.51,3.57
12/7/2016,1.64,2.52,3.58
12/6/2016,1.64,2.52,3.6
12/5/2016,1.64,2.52,3.61
12/2/2016,1.64,2.54,3.59
11/29/2016,1.61,2.5,3.52
11/28/2016,1.61,2.53,3.55
11/25/2016,1.61,2.53,3.54
11/24/2016,1.62,2.53,3.53
11/23/2016,1.62,2.53,3.51
11/22/2016,1.64,2.53,3.53
11/21/2016,1.64,2.56,3.61
11/18/2016,1.65,2.58,3.63
11/17/2016,1.62,2.52,3.54
11/16/2016,1.62,2.53,3.55
11/15/2016,1.61,2.53,3.53
11/14/2016,1.65,2.53,3.56
11/11/2016,1.58,2.44,3.44
11/10/2016,1.49,2.35,3.27
11/9/2016,1.5,2.29,3.2
11/8/2016,1.48,2.29,3.17
11/7/2016,1.49,2.28,3.17
11/4/2016,1.5,2.28,3.17
11/3/2016,1.49,2.27,3.16
11/2/2016,1.48,2.26,3.15
11/1/2016,1.49,2.24,3.13
10/31/2016,1.48,2.25,3.14
10/28/2016,1.49,2.23,3.13
10/27/2016,1.48,2.22,3.09
10/26/2016,1.48,2.2,3.06
10/25/2016,1.47,2.21,3.07
10/24/2016,1.48,2.21,3.08
10/21/2016,1.47,2.23,3.09
10/20/2016,1.49,2.25,3.12
10/19/2016,1.51,2.28,3.13
10/18/2016,1.51,2.28,3.14
10/17/2016,1.5,2.27,3.09
10/14/2016,1.49,2.26,3.07
10/13/2016,1.5,2.26,3.06
10/12/2016,1.49,2.26,3.05
10/11/2016,1.5,2.27,3.05
10/10/2016,1.49,2.27,3.05
10/7/2016,1.49,2.26,3.03
10/6/2016,1.48,2.23,3.01
10/5/2016,1.48,2.22,2.99
10/4/2016,1.48,2.18,2.95
10/3/2016,1.47,2.18,2.96
9/30/2016,1.48,2.18,2.95
9/29/2016,1.48,2.18,2.94
9/28/2016,1.47,2.17,2.93
9/27/2016,1.49,2.19,2.94
9/26/2016,1.5,2.2,2.98
9/23/2016,1.51,2.2,2.99
9/22/2016,1.55,2.22,3.01
9/21/2016,1.57,2.24,3.05
9/20/2016,1.57,2.24,3.07
9/19/2016,1.58,2.24,3.09
9/16/2016,1.57,2.23,3.1
9/15/2016,1.58,2.24,3.09
9/14/2016,1.58,2.23,3.09
9/13/2016,1.58,2.23,3.09
9/12/2016,1.58,2.24,3.09
9/9/2016,1.58,2.23,3.02
9/8/2016,1.57,2.22,3
9/7/2016,1.57,2.23,3.02
9/6/2016,1.58,2.25,3.02
9/5/2016,1.59,2.25,3.02
9/2/2016,1.58,2.24,3.02
9/1/2016,1.57,2.23,2.99
8/31/2016,1.56,2.22,2.95
8/30/2016,1.56,2.22,2.95
8/29/2016,1.56,2.21,2.96
8/26/2016,1.56,2.2,2.94
8/25/2016,1.56,2.2,2.93
8/24/2016,1.56,2.2,2.93
8/23/2016,1.56,2.2,2.93
8/22/2016,1.56,2.22,2.94
8/19/2016,1.56,2.22,2.96
8/18/2016,1.56,2.26,2.99
8/17/2016,1.57,2.27,2.99
8/16/2016,1.57,2.28,3
8/12/2016,1.59,2.29,3.02
8/11/2016,1.6,2.3,3.04
8/10/2016,1.61,2.34,3.1
8/9/2016,1.64,2.38,3.14
8/8/2016,1.66,2.37,3.14
8/5/2016,1.67,2.37,3.14
8/4/2016,1.67,2.39,3.17
8/3/2016,1.67,2.38,3.12
8/2/2016,1.66,2.38,3.1
8/1/2016,1.67,2.43,3.23
7/29/2016,1.68,2.44,3.25
7/28/2016,1.68,2.45,3.28
7/27/2016,1.71,2.47,3.28
7/26/2016,1.71,2.48,3.3
7/25/2016,1.72,2.51,3.29
7/22/2016,1.71,2.5,3.28
7/21/2016,1.72,2.5,3.29
7/20/2016,1.72,2.48,3.27
7/19/2016,1.72,2.5,3.26
7/18/2016,1.72,2.5,3.26
7/15/2016,1.72,2.5,3.26
7/14/2016,1.72,2.52,3.29
7/13/2016,1.75,2.53,3.31
7/12/2016,1.75,2.53,3.31
7/11/2016,1.77,2.55,3.33
7/8/2016,1.79,2.56,3.36
7/7/2016,1.8,2.58,3.38
7/6/2016,1.83,2.61,3.38
7/5/2016,1.84,2.63,3.44
7/4/2016,1.85,2.64,3.45
7/1/2016,1.85,2.66,3.45
6/30/2016,1.88,2.72,3.52
6/29/2016,1.93,2.77,3.57
6/28/2016,1.94,2.79,3.62
6/27/2016,1.97,2.93,3.76
6/24/2016,2,2.96,3.83
6/23/2016,1.87,2.77,3.67
6/22/2016,1.88,2.77,3.66
6/21/2016,1.88,2.78,3.67
6/17/2016,1.91,2.8,3.67
6/16/2016,1.9,2.78,3.66
6/15/2016,1.89,2.77,3.65
6/14/2016,1.88,2.75,3.64
6/13/2016,1.82,2.68,3.61
6/10/2016,1.81,2.69,3.6
6/9/2016,1.82,2.73,3.64
6/8/2016,1.85,2.75,3.65
6/7/2016,1.88,2.76,3.67
6/6/2016,1.88,2.76,3.68
6/3/2016,1.88,2.77,3.7
6/2/2016,1.88,2.76,3.69
6/1/2016,1.88,2.77,3.69
5/31/2016,1.89,2.77,3.69
5/30/2016,1.88,2.77,3.69
5/27/2016,1.89,2.76,3.68
5/26/2016,1.91,2.77,3.7
5/25/2016,1.92,2.76,3.69
5/24/2016,1.9,2.77,3.69
5/23/2016,1.9,2.78,3.69
5/20/2016,1.9,2.78,3.7
5/19/2016,1.9,2.78,3.7
5/18/2016,1.86,2.72,3.63
5/17/2016,1.88,2.72,3.63
5/16/2016,1.91,2.75,3.64
5/13/2016,1.92,2.75,3.66
5/12/2016,1.92,2.75,3.66
5/11/2016,1.94,2.77,3.67
5/10/2016,1.95,2.77,3.68
5/9/2016,1.95,2.78,3.69
5/6/2016,1.95,2.78,3.71
5/5/2016,1.95,2.78,3.71
5/4/2016,1.94,2.78,3.7
5/3/2016,1.95,2.79,3.72
4/29/2016,1.95,2.79,3.75
4/28/2016,1.95,2.78,3.75
4/27/2016,1.95,2.78,3.74
4/26/2016,1.93,2.75,3.7
4/25/2016,1.92,2.75,3.68
4/22/2016,1.23,2.74,3.68
4/21/2016,1.23,2.71,3.61
4/20/2016,1.24,2.72,3.6
4/19/2016,1.24,2.69,3.58
4/18/2016,1.24,2.68,3.56
4/15/2016,1.23,2.68,3.52
4/14/2016,1.23,2.66,3.5
4/13/2016,1.23,2.64,3.42
4/12/2016,1.23,2.64,3.43
4/11/2016,1.24,2.65,3.42
4/8/2016,1.24,2.65,3.42
4/7/2016,1.23,2.65,3.42
4/6/2016,1.24,2.65,3.41
4/5/2016,1.25,2.66,3.41
4/4/2016,1.26,2.66,3.4
4/1/2016,1.28,2.67,3.41
3/31/2016,1.28,2.68,3.41
3/30/2016,1.28,2.68,3.41
3/29/2016,1.29,2.7,3.43
3/28/2016,1.29,2.69,3.43
3/25/2016,1.29,2.68,3.43
3/24/2016,1.29,2.66,3.4
3/23/2016,1.3,2.61,3.4
3/22/2016,1.29,2.31,3.39
3/21/2016,1.29,2.32,3.39
3/18/2016,1.3,2.32,3.39
3/17/2016,1.29,2.31,3.38
3/16/2016,1.29,2.33,3.41
3/15/2016,1.3,2.34,3.41
3/14/2016,1.32,2.35,3.42
3/11/2016,1.34,2.37,3.42
3/10/2016,1.37,2.39,3.44
3/9/2016,1.36,2.38,3.46
3/8/2016,1.36,2.39,3.47
3/7/2016,1.38,2.43,3.5
3/4/2016,1.37,2.43,3.5
3/3/2016,1.36,2.41,3.5
3/2/2016,1.35,2.39,3.5
3/1/2016,1.3,2.33,3.47
2/29/2016,1.29,2.3,3.47
2/26/2016,1.29,2.3,3.47
2/25/2016,1.27,2.27,3.45
2/24/2016,1.25,2.26,3.45
2/23/2016,1.25,2.26,3.45
2/22/2016,1.25,2.25,3.45
2/19/2016,1.24,2.23,3.44
2/18/2016,1.23,2.2,3.41
2/17/2016,1.24,2.19,3.4
2/16/2016,1.24,2.2,3.4
2/15/2016,1.23,2.2,3.42
2/12/2016,1.23,2.2,3.42
2/11/2016,1.22,2.16,3.43
2/10/2016,1.23,2.16,3.43
2/9/2016,1.2,2.09,3.35
2/8/2016,1.19,2.1,3.33
2/5/2016,1.19,2.11,3.33
2/4/2016,1.22,2.1,3.3
2/3/2016,1.27,2.14,3.43
2/2/2016,1.28,2.19,3.48
2/1/2016,1.29,2.23,3.52
1/29/2016,1.32,2.26,3.58
1/28/2016,1.38,2.28,3.64
1/27/2016,1.39,2.29,3.64
1/26/2016,1.4,2.3,3.62
1/25/2016,1.4,2.33,3.63
1/22/2016,1.42,2.35,3.63
1/21/2016,1.44,2.37,3.65
1/20/2016,1.44,2.36,3.64
1/19/2016,1.46,2.39,3.69
1/18/2016,1.47,2.41,3.72
1/15/2016,1.41,2.33,3.63
1/14/2016,1.4,2.31,3.62
1/13/2016,1.41,2.34,3.65
1/12/2016,1.45,2.39,3.71
1/11/2016,1.48,2.42,3.75
1/8/2016,1.49,2.46,3.8
1/7/2016,1.51,2.47,3.81
1/6/2016,1.52,2.48,3.83
1/5/2016,1.52,2.48,3.81
1/4/2016,1.52,2.48,3.81
12/31/2015,1.52,2.49,3.81
12/30/2015,1.52,2.48,3.81
12/29/2015,1.52,2.49,3.82
12/28/2015,1.52,2.49,3.82
12/24/2015,1.52,2.51,3.82
12/23/2015,1.52,2.51,3.82
12/22/2015,1.52,2.51,3.83
12/21/2015,1.53,2.5,3.82
12/18/2015,1.54,2.51,3.86
12/17/2015,1.57,2.52,3.85
12/16/2015,1.59,2.53,3.88
12/15/2015,1.58,2.53,3.87
12/14/2015,1.58,2.49,3.83
12/11/2015,1.56,2.49,3.78
12/10/2015,1.55,2.45,3.76
12/9/2015,1.54,2.43,3.74
12/8/2015,1.54,2.43,3.73
12/7/2015,1.56,2.45,3.73
12/4/2015,1.54,2.37,3.66
12/3/2015,1.52,2.33,3.6
12/2/2015,1.55,2.35,3.61
11/27/2015,1.55,2.36,3.61
11/26/2015,1.55,2.35,3.61
11/25/2015,1.55,2.35,3.61
11/24/2015,1.57,2.36,3.61
11/23/2015,1.58,2.38,3.62
11/20/2015,1.57,2.37,3.6
11/19/2015,1.58,2.38,3.61
11/18/2015,1.58,2.38,3.61
11/17/2015,1.58,2.38,3.6
11/16/2015,1.59,2.4,3.58
11/13/2015,1.6,2.43,3.59
11/12/2015,1.63,2.45,3.61
11/11/2015,1.67,2.48,3.63
11/10/2015,1.67,2.5,3.65
11/9/2015,1.67,2.5,3.64
11/6/2015,1.67,2.49,3.62
11/5/2015,1.68,2.5,3.63
11/4/2015,1.69,2.51,3.63
11/3/2015,1.66,2.46,3.58
11/2/2015,1.66,2.44,3.56
10/30/2015,1.66,2.44,3.53
10/29/2015,1.65,2.43,3.52
10/28/2015,1.65,2.39,3.49
10/27/2015,1.68,2.41,3.5
10/26/2015,1.73,2.43,3.54
10/23/2015,1.76,2.46,3.53
10/22/2015,1.79,2.48,3.57
10/21/2015,1.79,2.48,3.58
10/20/2015,1.78,2.48,3.57
10/19/2015,1.79,2.48,3.57
10/16/2015,1.8,2.48,3.57
10/15/2015,1.81,2.48,3.56
10/14/2015,1.82,2.48,3.55
10/13/2015,1.81,2.48,3.56
10/12/2015,1.82,2.49,3.56
10/9/2015,1.83,2.49,3.55
10/8/2015,1.84,2.52,3.55
10/7/2015,1.88,2.55,3.59
10/6/2015,1.89,2.56,3.61
10/5/2015,1.93,2.58,3.67
10/2/2015,1.98,2.61,3.73
10/1/2015,1.99,2.65,3.74
9/30/2015,2,2.65,3.75
9/29/2015,2,2.67,3.76
9/28/2015,2,2.66,3.76
9/25/2015,1.99,2.67,3.76
9/24/2015,1.99,2.67,3.79
9/23/2015,1.99,2.69,3.82
9/22/2015,2,2.69,3.82
9/21/2015,1.99,2.7,3.8
9/18/2015,1.99,2.72,3.82
9/17/2015,2.01,2.74,3.86
9/16/2015,2.01,2.73,3.86
9/15/2015,2,2.71,3.81
9/14/2015,2,2.71,3.82
9/11/2015,1.99,2.72,3.82
9/10/2015,2,2.76,3.83
9/9/2015,2.03,2.79,3.85
9/8/2015,2.04,2.79,3.84
9/7/2015,2.04,2.81,3.85
9/4/2015,2.06,2.87,3.88
9/3/2015,2.12,2.9,3.9
9/2/2015,2.08,2.9,3.9
9/1/2015,2.04,2.87,3.88
8/31/2015,2.03,2.87,3.87
8/28/2015,2,2.86,3.88
8/27/2015,2.01,2.86,3.86
8/26/2015,1.97,2.82,3.82
8/25/2015,1.96,2.82,3.82
8/24/2015,1.92,2.81,3.76
8/21/2015,1.91,2.79,3.74
8/20/2015,1.92,2.81,3.77
8/19/2015,1.92,2.81,3.78
8/18/2015,1.92,2.8,3.76
8/17/2015,1.95,2.84,3.79
8/14/2015,1.96,2.86,3.8
8/13/2015,1.99,2.86,3.81
8/12/2015,2.02,2.89,3.84
8/11/2015,2.04,2.91,3.91
8/10/2015,2.04,2.92,3.92
8/7/2015,2.04,2.92,3.91
8/6/2015,2.06,2.92,3.92
8/5/2015,2.06,2.92,3.91
8/4/2015,2.05,2.92,3.91
8/3/2015,2.05,2.92,3.91
7/31/2015,2.06,2.93,3.9
7/30/2015,2.06,2.93,3.9
7/29/2015,2.04,2.93,3.89
7/28/2015,2.02,2.92,3.88
7/27/2015,2.02,2.92,3.87
7/24/2015,2.03,2.92,3.87
7/23/2015,2.05,2.96,3.96
7/22/2015,2.06,2.98,3.98
7/21/2015,2.08,2.98,4
7/20/2015,2.1,2.99,4.02
7/17/2015,2.11,3.01,4.09
7/16/2015,2.12,3.02,4.09
7/15/2015,2.11,3.04,4.1
7/14/2015,2.13,3.03,4.11
7/13/2015,2.16,3.03,4.12
7/10/2015,2.19,3.14,4.23
7/9/2015,2.25,3.22,4.36
7/8/2015,2.25,3.25,4.35
7/7/2015,2.27,3.26,4.39
7/6/2015,2.27,3.26,4.38
7/3/2015,2.23,3.21,4.31
7/2/2015,2.23,3.19,4.29
7/1/2015,2.25,3.2,4.33
6/30/2015,2.29,3.24,4.37
6/29/2015,2.31,3.3,4.42
6/26/2015,2.09,3.02,4.03
6/25/2015,2.09,3,4.04
6/24/2015,2.09,3.02,4.05
6/23/2015,2.15,3.08,4.12
6/22/2015,2.21,3.18,4.22
6/19/2015,2.25,3.2,4.25
6/18/2015,2.27,3.23,4.29
6/17/2015,2.24,3.2,4.22
6/16/2015,2.24,3.2,4.2
6/15/2015,2.21,3.1,4.05
6/12/2015,2.2,3.09,4.03
6/11/2015,2.21,3.09,4.01
6/10/2015,2.21,3.1,4.03
6/9/2015,2.18,3.08,3.97
6/8/2015,2.2,3.08,3.98
6/5/2015,2.17,3.02,3.85
6/4/2015,2.19,3.02,3.86
6/3/2015,2.03,2.83,3.64
6/2/2015,2.02,2.81,3.6
5/29/2015,2.02,2.8,3.59
5/28/2015,2.02,2.8,3.58
5/27/2015,2.06,2.81,3.62
5/26/2015,2.04,2.8,3.6
5/25/2015,2.05,2.77,3.6
5/22/2015,2.05,2.58,3.6
5/21/2015,2.07,2.59,3.6
5/20/2015,2.07,2.59,3.62
5/19/2015,2.08,2.62,3.68
5/18/2015,2.1,2.67,3.7
5/15/2015,2.09,2.65,3.69
5/14/2015,2.1,2.63,3.7
5/13/2015,2.13,2.63,3.69
5/12/2015,2.12,2.63,3.68
5/11/2015,2.08,2.56,3.62
5/8/2015,2.08,2.53,3.6
5/7/2015,2.06,2.53,3.59
5/6/2015,2.05,2.46,3.54
5/5/2015,2.03,2.43,3.48
5/4/2015,2.03,2.44,3.48
4/30/2015,2.02,2.42,3.48
4/29/2015,1.99,2.38,3.42
4/28/2015,1.99,2.38,3.41
4/27/2015,2,2.38,3.41
4/24/2015,2,2.38,3.42
4/23/2015,2.02,2.39,3.44
4/22/2015,2.02,2.41,3.47
4/21/2015,2.03,2.4,3.48
4/20/2015,1.99,2.3,3.33
4/17/2015,1.99,2.25,3.3
4/16/2015,1.99,2.24,3.29
4/15/2015,1.98,2.23,3.27
4/14/2015,2,2.23,3.27
4/10/2015,2,2.24,3.27
4/9/2015,2,2.28,3.3
4/8/2015,2.05,2.34,3.34
4/7/2015,2.09,2.41,3.35
4/6/2015,2.19,2.45,3.37
4/3/2015,2.19,2.46,3.38
4/2/2015,2.19,2.46,3.38
4/1/2015,2.18,2.45,3.35
3/31/2015,2.15,2.44,3.34
3/30/2015,2.18,2.46,3.36
3/27/2015,2.23,2.47,3.37
3/26/2015,2.21,2.43,3.35
3/25/2015,2.14,2.37,3.29
3/24/2015,2.16,2.42,3.31
3/23/2015,2.17,2.42,3.32
3/20/2015,2.2,2.45,3.35
3/19/2015,2.19,2.46,3.34
3/18/2015,2.23,2.55,3.47
3/17/2015,2.23,2.53,3.45
3/16/2015,2.17,2.38,3.2
3/13/2015,2.15,2.38,3.17
3/12/2015,2.17,2.39,3.16
3/11/2015,2.18,2.4,3.18
3/10/2015,2.18,2.38,3.17
3/9/2015,2.17,2.4,3.18
3/6/2015,2.07,2.24,3.02
3/5/2015,2.07,2.24,3.02
3/4/2015,2.05,2.22,2.99
3/3/2015,2,2.16,2.93
3/2/2015,2,2.17,2.94
2/27/2015,2.01,2.17,2.93
2/26/2015,2.01,2.17,2.95
2/25/2015,2.06,2.22,3.01
2/24/2015,2.09,2.26,3.08
2/23/2015,2.11,2.29,3.12
2/20/2015,2.12,2.29,3.13
2/19/2015,2.12,2.28,3.13
2/18/2015,2.17,2.32,3.16
2/17/2015,2.06,2.23,3.07
2/16/2015,2.01,2.16,2.98
2/13/2015,1.98,2.16,2.97
2/12/2015,2.02,2.18,3.01
2/11/2015,2.02,2.17,2.95
2/10/2015,2.02,2.17,2.95
2/9/2015,1.94,2.14,2.83
2/6/2015,1.92,2.13,2.73
2/5/2015,1.93,2.13,2.72
2/4/2015,1.95,2.15,2.72
2/3/2015,2,2.19,2.76
2/2/2015,2.01,2.21,2.76
1/30/2015,2.03,2.21,2.79
1/29/2015,2,2.18,2.75
1/28/2015,2.02,2.21,2.79
1/27/2015,2.02,2.22,2.84
1/26/2015,2.03,2.25,2.94
1/23/2015,2.03,2.25,2.98
1/22/2015,2.14,2.32,3.13
1/21/2015,2.12,2.31,3.11
1/20/2015,2.1,2.3,3.11
1/19/2015,2.12,2.32,3.2
1/16/2015,2.1,2.31,3.22
1/15/2015,2.1,2.33,3.22
1/14/2015,2.13,2.38,3.31
1/13/2015,2.13,2.38,3.3
1/12/2015,2.19,2.46,3.38
1/9/2015,2.19,2.45,3.38
1/8/2015,2.22,2.45,3.42
1/7/2015,2.33,2.67,3.57
1/6/2015,2.38,2.73,3.65
1/5/2015,2.4,2.75,3.69
12/31/2014,2.39,2.75,3.71
12/30/2014,2.39,2.76,3.71
12/29/2014,2.39,2.76,3.71
12/24/2014,2.42,2.77,3.72
12/23/2014,2.42,2.78,3.72
12/22/2014,2.43,2.8,3.74
12/19/2014,2.42,2.8,3.78
12/18/2014,2.42,2.8,3.78
12/17/2014,2.45,2.82,3.79
12/16/2014,2.41,2.74,3.78
12/15/2014,2.34,2.65,3.71
12/12/2014,2.33,2.63,3.67
12/11/2014,2.34,2.64,3.68
12/10/2014,2.38,2.71,3.77
12/9/2014,2.4,2.73,3.78
12/8/2014,2.42,2.78,3.82
12/5/2014,2.42,2.75,3.82
12/4/2014,2.43,2.76,3.83
12/3/2014,2.43,2.8,3.84
12/2/2014,2.43,2.82,3.88
11/28/2014,2.42,2.81,3.86
11/27/2014,2.43,2.82,3.87
11/26/2014,2.44,2.83,3.9
11/25/2014,2.44,2.84,3.9
11/24/2014,2.45,2.88,3.92
11/21/2014,2.48,2.9,3.93
11/20/2014,2.53,2.94,3.96
11/19/2014,2.53,2.95,3.97
11/18/2014,2.5,2.9,3.97
11/17/2014,2.48,2.88,3.93
11/14/2014,2.48,2.89,3.93
11/13/2014,2.49,2.9,3.94
11/12/2014,2.48,2.89,3.92
11/11/2014,2.47,2.88,3.92
11/10/2014,2.47,2.89,3.92
11/7/2014,2.48,2.87,3.9
11/6/2014,2.49,2.87,3.89
11/5/2014,2.49,2.88,3.88
11/4/2014,2.52,2.97,3.92
11/3/2014,2.57,2.98,3.96
10/31/2014,2.59,3.03,3.97
10/30/2014,2.57,3.03,3.98
10/29/2014,2.56,3.03,3.99
10/28/2014,2.58,3.07,4.01
10/27/2014,2.66,3.1,4.05
10/24/2014,2.69,3.11,4.06
10/23/2014,2.7,3.11,4.08
10/22/2014,2.74,3.16,4.12
10/21/2014,2.78,3.17,4.14
10/20/2014,2.86,3.22,4.18
10/17/2014,2.89,3.26,4.19
10/16/2014,2.89,3.24,4.18
10/15/2014,2.88,3.23,4.18
10/14/2014,2.9,3.27,4.22
10/13/2014,2.94,3.29,4.24
10/10/2014,2.94,3.29,4.26
10/9/2014,2.96,3.31,4.27
10/8/2014,2.99,3.4,4.34
10/7/2014,3.02,3.42,4.36
10/6/2014,3.05,3.45,4.38
10/3/2014,3.05,3.44,4.38
10/2/2014,3.07,3.44,4.36
10/1/2014,3.11,3.48,4.37
9/30/2014,3.19,3.6,4.43
9/29/2014,3.21,3.6,4.45
9/26/2014,3.22,3.62,4.44
9/25/2014,3.23,3.62,4.47
9/24/2014,3.25,3.62,4.47
9/23/2014,3.26,3.61,4.47
9/22/2014,3.24,3.6,4.46
9/19/2014,3.27,3.61,4.48
9/18/2014,3.28,3.63,4.49
9/17/2014,3.28,3.62,4.48
9/16/2014,3.3,3.64,4.51
9/15/2014,3.32,3.65,4.54
9/12/2014,3.27,3.61,4.46
9/11/2014,3.18,3.5,4.32
9/10/2014,3.19,3.49,4.32
9/9/2014,3.13,3.47,4.28
9/8/2014,3.03,3.38,4.19
9/5/2014,3.08,3.44,4.24
9/4/2014,3.12,3.5,4.31
9/3/2014,3.13,3.51,4.34
9/2/2014,3.13,3.54,4.36
9/1/2014,3.14,3.56,4.36
8/29/2014,3.14,3.52,4.34
8/28/2014,3.1,3.48,4.32
8/27/2014,3.13,3.49,4.35
8/26/2014,3.13,3.49,4.35
8/25/2014,3.14,3.49,4.37
8/22/2014,3.14,3.5,4.42
8/21/2014,3.15,3.51,4.39
8/20/2014,3.12,3.46,4.39
8/19/2014,3.19,3.56,4.48
8/18/2014,3.24,3.59,4.54
8/14/2014,3.26,3.58,4.56
8/13/2014,3.37,3.67,4.62
8/12/2014,3.36,3.68,4.64
8/11/2014,3.23,3.6,4.61
8/8/2014,3.2,3.57,4.56
8/7/2014,3.17,3.57,4.53
8/6/2014,3.07,3.51,4.44
8/5/2014,2.98,3.43,4.35
8/4/2014,3.03,3.53,4.44
8/1/2014,2.97,3.47,4.41
7/31/2014,2.91,3.37,4.4
7/30/2014,2.85,3.29,4.29
7/29/2014,2.83,3.29,4.12
7/28/2014,2.88,3.35,4.18
7/25/2014,2.89,3.37,4.2
7/24/2014,2.92,3.38,4.26
7/23/2014,2.92,3.41,4.27
7/22/2014,2.94,3.47,4.31
7/21/2014,2.94,3.49,4.36
7/18/2014,2.93,3.47,4.38
7/17/2014,2.91,3.47,4.38
7/16/2014,2.84,3.38,4.32
7/15/2014,2.84,3.39,4.34
7/14/2014,2.84,3.4,4.35
7/11/2014,2.82,3.38,4.36
7/10/2014,2.75,3.29,4.28
7/9/2014,2.82,3.34,4.31
7/8/2014,2.85,3.33,4.32
7/7/2014,2.93,3.42,4.36
7/4/2014,2.97,3.42,4.38
7/3/2014,2.99,3.39,4.37
7/2/2014,3.04,3.44,4.42
7/1/2014,3.05,3.47,4.44
6/30/2014,3.16,3.59,4.52
6/27/2014,3.13,3.53,4.51
6/26/2014,3.16,3.61,4.52
6/25/2014,3.25,3.7,4.57
6/24/2014,3.28,3.73,4.58
6/23/2014,3.28,3.73,4.57
6/20/2014,3.29,3.74,4.57
6/19/2014,3.29,3.74,4.58
6/18/2014,3.34,3.75,4.6
6/17/2014,3.32,3.75,4.57
6/16/2014,3.31,3.74,4.52
6/13/2014,3.34,3.75,4.52
6/12/2014,3.4,3.79,4.54
6/11/2014,3.51,3.84,4.6
6/10/2014,3.52,3.83,4.6
6/6/2014,3.6,3.92,4.75
6/5/2014,3.71,4.08,4.85
6/4/2014,3.71,4.09,4.85
6/3/2014,3.69,4.05,4.82
6/2/2014,3.75,4.08,4.84
5/30/2014,3.77,4.09,4.84
5/29/2014,3.82,4.14,4.86
5/28/2014,3.83,4.19,4.86
5/27/2014,3.86,4.19,4.86
5/26/2014,3.88,4.19,4.88
5/23/2014,3.91,4.2,4.88
5/22/2014,3.92,4.22,4.89
5/21/2014,3.93,4.23,4.89
5/20/2014,3.9,4.22,4.87
5/19/2014,3.93,4.26,4.88
5/16/2014,3.93,4.27,4.88
5/15/2014,3.98,4.32,4.89
5/14/2014,4,4.31,4.89
5/13/2014,4.08,4.39,4.96
5/12/2014,4.1,4.39,4.99
5/9/2014,4.1,4.38,4.97
5/8/2014,4.1,4.4,5
5/7/2014,4.17,4.47,5.05
5/6/2014,4.16,4.47,5.06
5/5/2014,4.16,4.49,5.06
5/2/2014,4.17,4.49,5.08
4/30/2014,4.24,4.55,5.17
4/29/2014,4.24,4.56,5.19
4/28/2014,4.24,4.55,5.2
4/25/2014,4.22,4.55,5.19
4/24/2014,4.28,4.63,5.28
4/23/2014,4.32,4.68,5.29
4/22/2014,4.34,4.66,5.3
4/18/2014,4.35,4.69,5.31
4/17/2014,4.36,4.72,5.32
4/16/2014,4.34,4.7,5.3
4/15/2014,4.33,4.68,5.29
4/14/2014,4.32,4.64,5.29
4/11/2014,4.32,4.64,5.29
4/10/2014,4.32,4.63,5.3
4/9/2014,4.36,4.66,5.33
4/8/2014,4.35,4.68,5.34
4/7/2014,4.42,4.78,5.43
4/4/2014,4.43,4.8,5.43
4/3/2014,4.44,4.8,5.42
4/2/2014,4.4,4.78,5.42
4/1/2014,4.39,4.78,5.41
3/31/2014,4.34,4.76,5.41
3/28/2014,4.35,4.77,5.41
3/27/2014,4.4,4.82,5.46
3/26/2014,4.42,4.84,5.47
3/25/2014,4.45,4.88,5.48
3/24/2014,4.49,4.88,5.46
3/21/2014,4.53,4.89,5.48
3/20/2014,4.54,4.91,5.48
3/19/2014,4.51,4.88,5.47
3/18/2014,4.62,5.02,5.52
3/17/2014,4.53,5,5.51
3/14/2014,4.53,4.92,5.52
3/13/2014,4.43,4.86,5.47
3/12/2014,4.42,4.83,5.47
3/11/2014,4.37,4.74,5.43
3/10/2014,4.35,4.74,5.43
3/7/2014,3.97,4.78,5.43
3/6/2014,4.02,4.81,5.49
3/5/2014,4.08,4.93,5.52
3/4/2014,4.14,5,5.56
3/3/2014,4.13,5,5.55
2/28/2014,4.15,5.02,5.55
2/27/2014,4.19,5.09,5.58
2/26/2014,4.22,5.11,5.6
2/25/2014,4.23,4.93,5.62
2/24/2014,4.22,4.96,5.65
2/21/2014,4.26,4.98,5.71
2/20/2014,4.27,5.02,5.71
2/19/2014,4.17,4.93,5.63
2/18/2014,4.2,4.97,5.66
2/17/2014,4.11,4.92,5.65
2/14/2014,4.05,4.86,5.64
2/13/2014,4.08,4.87,5.65
2/12/2014,4.01,4.8,5.63
2/11/2014,3.83,4.72,5.59
2/10/2014,3.83,4.67,5.55
2/7/2014,3.85,4.7,5.55
2/6/2014,3.91,4.79,5.63
2/5/2014,3.9,4.75,5.59
2/4/2014,3.85,4.7,5.61
2/3/2014,4.06,4.91,5.81
1/31/2014,3.91,4.85,5.78
1/30/2014,3.79,4.74,5.74
1/29/2014,3.35,4.41,5.42
1/28/2014,3.38,4.44,5.43
1/27/2014,3.35,4.39,5.38
1/24/2014,3.26,4.23,5.21
1/23/2014,3.27,4.25,5.2
1/22/2014,3.27,4.24,5.21
1/21/2014,3.28,4.27,5.22
1/20/2014,3.34,4.35,5.27
1/17/2014,3.44,4.41,5.28
1/16/2014,3.44,4.42,5.28
1/15/2014,3.45,4.41,5.28
1/14/2014,3.46,4.44,5.28
1/13/2014,3.52,4.44,5.31
1/10/2014,3.56,4.45,5.31
1/9/2014,3.6,4.45,5.3
1/8/2014,3.95,4.64,5.38
1/7/2014,3.99,4.72,5.4
1/6/2014,4.05,4.79,5.42
1/3/2014,4.07,4.8,5.42
12/31/2013,4.07,4.81,5.42
12/30/2013,4.07,4.81,5.42
12/27/2013,4.09,4.85,5.41
12/24/2013,4.07,4.82,5.4
12/23/2013,4.07,4.82,5.4
12/20/2013,4.1,4.83,5.4
12/19/2013,4.16,4.86,5.41
12/18/2013,4.12,4.84,5.39
12/17/2013,4.1,4.83,5.39
12/16/2013,4.14,4.82,5.36
12/13/2013,4.14,4.82,5.37
12/12/2013,4.19,4.88,5.42
12/11/2013,4.27,4.93,5.46
12/10/2013,4.29,4.95,5.48
12/9/2013,4.31,4.96,5.48
12/6/2013,4.29,4.95,5.47
12/5/2013,4.3,4.96,5.46
12/4/2013,4.28,4.86,5.45
12/3/2013,4.27,4.85,5.45
12/2/2013,4.2,4.78,5.39
11/29/2013,4.2,4.77,5.38
11/28/2013,4.2,4.76,5.38
11/27/2013,4.2,4.77,5.42
11/26/2013,4.19,4.77,5.41
11/25/2013,4.22,4.77,5.42
11/22/2013,4.22,4.77,5.42
11/21/2013,4.22,4.77,5.42
11/20/2013,4.23,4.77,5.42
11/19/2013,4.23,4.77,5.43
11/18/2013,4.24,4.77,5.47
11/15/2013,4.25,4.77,5.48
11/14/2013,4.26,4.77,5.48
11/13/2013,4.25,4.76,5.48
11/12/2013,4.24,4.74,5.45
11/11/2013,4.21,4.72,5.42
11/8/2013,4.15,4.68,5.39
11/7/2013,4.15,4.67,5.39
11/6/2013,4.14,4.67,5.4
11/5/2013,4.09,4.65,5.35
11/4/2013,4.09,4.6,5.34
11/1/2013,4.06,4.56,5.23
10/31/2013,3.99,4.47,5.11
10/30/2013,4,4.51,5.12
10/29/2013,4.05,4.55,5.17
10/28/2013,4.05,4.55,5.16
10/25/2013,4.06,4.54,5.16
10/24/2013,4.05,4.52,5.15
10/23/2013,4.05,4.52,5.15
10/22/2013,4.06,4.52,5.16
10/21/2013,4.08,4.51,5.16
10/18/2013,4.12,4.54,5.2
10/17/2013,4.15,4.6,5.22
10/16/2013,4.18,4.6,5.25
10/15/2013,4.22,4.63,5.29
10/14/2013,4.22,4.64,5.29
10/11/2013,4.22,4.63,5.31
10/10/2013,4.26,4.66,5.37
10/9/2013,4.29,4.66,5.37
10/8/2013,4.3,4.65,5.36
10/7/2013,4.37,4.7,5.39
10/4/2013,4.4,4.68,5.36
10/3/2013,4.38,4.7,5.37
10/2/2013,4.39,4.67,5.35
10/1/2013,4.41,4.66,5.33
9/30/2013,4.39,4.67,5.34
9/27/2013,4.4,4.68,5.34
9/26/2013,4.4,4.71,5.35
9/25/2013,4.39,4.67,5.26
9/24/2013,4.4,4.63,5.2
9/23/2013,4.43,4.63,5.19
9/20/2013,4.41,4.61,5.17
9/19/2013,4.4,4.61,5.16
9/18/2013,4.6,4.8,5.32
9/17/2013,4.59,4.84,5.35
9/16/2013,4.65,4.98,5.49
9/13/2013,4.67,4.97,5.51
9/12/2013,4.67,4.99,5.53
9/11/2013,4.68,4.98,5.52
9/10/2013,4.73,5.04,5.52
9/9/2013,4.68,5.02,5.47
9/6/2013,4.65,4.96,5.39
9/5/2013,4.65,4.96,5.39
9/4/2013,4.63,4.96,5.36
9/3/2013,4.66,4.96,5.36
9/2/2013,4.65,4.95,5.35
8/30/2013,4.65,4.94,5.34
8/29/2013,4.62,4.92,5.35
8/28/2013,4.56,4.89,5.32
8/27/2013,4.53,4.85,5.28
8/26/2013,4.54,4.86,5.3
8/23/2013,4.51,4.84,5.27
8/22/2013,4.49,4.8,5.2
8/21/2013,4.47,4.74,5.15
8/20/2013,4.48,4.73,5.15
8/19/2013,4.47,4.69,5.13
8/16/2013,4.47,4.68,5.09
8/14/2013,4.45,4.65,5.08
8/13/2013,4.49,4.66,5.1
8/12/2013,4.57,4.69,5.12
8/9/2013,4.57,4.7,5.13
8/8/2013,4.57,4.7,5.15
8/7/2013,4.58,4.71,5.15
8/6/2013,4.62,4.75,5.17
8/5/2013,4.79,4.91,5.28
8/2/2013,4.81,4.93,5.32
8/1/2013,4.8,4.92,5.28
7/31/2013,4.78,4.92,5.25
7/30/2013,4.77,4.9,5.25
7/29/2013,4.78,4.9,5.25
7/26/2013,4.79,4.9,5.27
7/25/2013,4.82,4.94,5.27
7/24/2013,4.89,5,5.28
7/23/2013,4.94,5.02,5.32
7/22/2013,4.99,5.07,5.32
7/19/2013,4.99,5.07,5.36
7/18/2013,5.05,5.13,5.36
7/17/2013,5.04,5.16,5.39
7/16/2013,5.04,5.18,5.38
7/15/2013,5.05,5.17,5.38
7/12/2013,5.05,5.18,5.41
7/11/2013,5.11,5.22,5.42
7/10/2013,5.15,5.26,5.5
7/9/2013,5.15,5.3,5.5
7/8/2013,5.19,5.34,5.52
7/5/2013,5.19,5.33,5.53
7/4/2013,5.21,5.36,5.54
7/3/2013,5.23,5.37,5.59
7/2/2013,5.23,5.39,5.63
7/1/2013,5.33,5.53,5.77
6/28/2013,5.35,5.54,5.74
6/27/2013,5.41,5.63,5.79
6/26/2013,5.45,5.65,5.83
6/25/2013,5.45,5.67,5.84
6/21/2013,5.42,5.59,5.81
6/20/2013,5.44,5.58,5.83
6/19/2013,5.12,5.27,5.55
6/18/2013,5.1,5.27,5.54
6/17/2013,5.24,5.34,5.7
6/14/2013,5.27,5.38,5.74
6/13/2013,5.3,5.43,5.75
6/12/2013,5.31,5.45,5.78
6/11/2013,5.33,5.47,5.77
6/10/2013,5.26,5.37,5.72
6/7/2013,5.22,5.38,5.69
6/6/2013,4.94,5.16,5.5
6/5/2013,4.82,5.02,5.41
6/4/2013,4.84,5.01,5.39
6/3/2013,4.84,5,5.33
5/31/2013,4.8,4.98,5.27
5/30/2013,4.68,4.84,5.13
5/29/2013,4.68,4.84,5.13
5/28/2013,4.71,4.85,5.16
5/27/2013,4.72,4.85,5.16
5/24/2013,4.73,4.86,5.16
5/23/2013,4.77,4.85,5.2
5/22/2013,4.76,4.86,5.18
5/21/2013,4.63,4.68,5.1
5/20/2013,4.62,4.69,5.08
5/17/2013,4.57,4.64,5.05
5/16/2013,4.55,4.62,5.04
5/15/2013,4.54,4.61,5.02
5/14/2013,4.53,4.61,5.01
5/13/2013,4.54,4.62,4.99
5/10/2013,4.55,4.61,4.98
5/9/2013,4.67,4.69,5.06
5/8/2013,4.71,4.77,5.1
5/7/2013,4.79,4.85,5.16
5/3/2013,4.85,4.97,5.25
5/2/2013,4.99,5.08,5.4
4/30/2013,5.03,5.12,5.43
4/29/2013,5.02,5.11,5.42
4/26/2013,5.02,5.11,5.41
4/25/2013,5.01,5.13,5.45
4/24/2013,5.05,5.14,5.45
4/23/2013,5.12,5.2,5.51
4/22/2013,5.18,5.25,5.52
4/19/2013,5.23,5.29,5.56
4/18/2013,5.24,5.32,5.59
4/17/2013,5.28,5.35,5.61
4/16/2013,5.29,5.36,5.61
4/15/2013,5.38,5.46,5.7
4/12/2013,5.44,5.56,5.78
4/11/2013,5.43,5.54,5.81
4/10/2013,5.45,5.55,5.8
4/9/2013,5.46,5.56,5.82
4/8/2013,5.46,5.56,5.82
4/5/2013,5.47,5.56,5.83
4/4/2013,5.52,5.58,5.84
4/3/2013,5.52,5.6,5.85
4/2/2013,5.53,5.6,5.87
4/1/2013,5.53,5.6,5.86
3/29/2013,5.53,5.59,5.85
3/28/2013,5.55,5.65,5.89
3/27/2013,5.56,5.64,5.88
3/26/2013,5.58,5.65,5.88
3/25/2013,5.6,5.67,5.89
3/22/2013,5.58,5.63,5.87
3/21/2013,5.56,5.61,5.85
3/20/2013,5.5,5.57,5.8
3/19/2013,5.5,5.57,5.78
3/18/2013,5.5,5.55,5.74
3/15/2013,5.49,5.54,5.72
3/14/2013,5.51,5.55,5.73
3/13/2013,5.54,5.57,5.75
3/12/2013,5.55,5.57,5.77
3/11/2013,5.59,5.62,5.79
3/8/2013,5.6,5.63,5.79
3/7/2013,5.63,5.66,5.8
3/6/2013,5.63,5.66,5.8
3/5/2013,5.66,5.67,5.81
3/4/2013,5.68,5.69,5.83
3/1/2013,5.73,5.74,5.9
2/28/2013,5.72,5.74,5.88
2/27/2013,5.74,5.75,5.89
2/26/2013,5.74,5.75,5.9
2/25/2013,5.74,5.77,5.9
2/22/2013,5.74,5.76,5.9
2/21/2013,5.75,5.76,5.9
2/20/2013,5.74,5.75,5.9
2/19/2013,5.78,5.79,5.92
2/18/2013,5.8,5.81,5.92
2/15/2013,5.81,5.82,5.93
2/14/2013,5.88,5.88,5.97
2/13/2013,5.92,5.9,6
2/12/2013,5.91,5.92,5.99
2/11/2013,5.84,5.89,5.94
2/8/2013,5.85,5.89,5.94
2/7/2013,5.83,5.85,5.93
2/6/2013,5.83,5.84,5.92
2/5/2013,5.8,5.81,5.93
2/4/2013,5.79,5.8,5.9
2/1/2013,5.77,5.79,5.89
1/31/2013,5.78,5.79,5.89
1/30/2013,5.8,5.8,5.9
1/29/2013,5.74,5.77,5.85
1/28/2013,5.74,5.76,5.83
1/25/2013,5.74,5.75,5.83
1/24/2013,5.74,5.74,5.81
1/23/2013,5.71,5.72,5.81
1/22/2013,5.73,5.74,5.81
1/21/2013,5.66,5.66,5.79
1/18/2013,5.64,5.64,5.74
1/17/2013,5.68,5.68,5.76
1/16/2013,5.83,5.85,5.94
1/15/2013,6.07,6.11,6.2
1/14/2013,6.16,6.19,6.31
1/11/2013,6.18,6.2,6.36
1/10/2013,6.21,6.25,6.43
1/9/2013,6.26,6.26,6.45
1/8/2013,6.24,6.27,6.46
1/7/2013,6.24,6.3,6.5
1/4/2013,6.26,6.3,6.49
1/3/2013,6.35,6.4,6.57
12/31/2012,6.37,6.41,6.59
12/28/2012,6.34,6.38,6.59
12/27/2012,6.38,6.42,6.59
12/24/2012,6.38,6.47,6.62
12/21/2012,6.37,6.47,6.67
12/20/2012,6.47,6.57,6.75
12/19/2012,6.5,6.56,6.77
12/18/2012,6.53,6.55,6.82
12/17/2012,6.52,6.6,6.8
12/14/2012,6.59,6.67,6.9
12/13/2012,6.71,6.75,6.89
12/12/2012,6.7,6.79,6.91
12/11/2012,6.7,6.79,6.91
12/10/2012,6.7,6.79,6.9
12/7/2012,6.69,6.76,6.88
12/6/2012,6.67,6.74,6.88
12/5/2012,6.68,6.74,6.88
12/4/2012,6.67,6.74,6.85
12/3/2012,6.69,6.76,6.87
11/29/2012,6.67,6.73,6.85
11/28/2012,6.69,6.76,6.87
11/27/2012,6.68,6.76,6.88
11/26/2012,6.66,6.75,6.88
11/23/2012,6.64,6.74,6.84
11/22/2012,6.66,6.74,6.85
11/21/2012,6.64,6.71,6.8
11/20/2012,6.63,6.71,6.84
11/19/2012,6.63,6.7,6.84
11/16/2012,6.63,6.71,6.83
11/15/2012,6.58,6.65,6.81
11/14/2012,6.59,6.66,6.83
11/13/2012,6.58,6.65,6.83
11/12/2012,6.58,6.67,6.86
11/9/2012,6.59,6.66,6.85
11/8/2012,6.58,6.65,6.86
11/7/2012,6.58,6.65,6.85
11/6/2012,6.6,6.67,6.85
11/5/2012,6.6,6.67,6.85
11/2/2012,6.6,6.67,6.86
11/1/2012,6.59,6.65,6.84
10/31/2012,6.58,6.65,6.84
10/30/2012,6.58,6.64,6.78
10/29/2012,6.6,6.68,6.86
10/26/2012,6.6,6.69,6.89
10/25/2012,6.61,6.7,6.87
10/24/2012,6.61,6.71,6.88
10/23/2012,6.61,6.7,6.88
10/22/2012,6.62,6.7,6.87
10/19/2012,6.61,6.71,6.87
10/18/2012,6.62,6.71,6.87
10/17/2012,6.62,6.7,6.87
10/16/2012,6.62,6.72,6.89
10/15/2012,6.61,6.71,6.87
10/12/2012,6.6,6.71,6.87
10/11/2012,6.56,6.68,6.87
10/10/2012,6.5,6.64,6.86
10/9/2012,6.48,6.65,6.85
10/8/2012,6.48,6.62,6.85
10/5/2012,6.48,6.64,6.85
10/4/2012,6.47,6.64,6.85
10/3/2012,6.48,6.64,6.86
10/2/2012,6.48,6.63,6.85
10/1/2012,6.48,6.63,6.84
9/28/2012,6.45,6.62,6.82
9/27/2012,6.47,6.65,6.85
9/26/2012,6.48,6.66,6.87
9/25/2012,6.48,6.66,6.85
9/24/2012,6.47,6.66,6.88
9/21/2012,6.48,6.63,6.85
9/20/2012,6.49,6.67,6.88
9/19/2012,6.51,6.67,6.89
9/18/2012,6.5,6.66,6.89
9/17/2012,6.5,6.67,6.87
9/14/2012,6.46,6.66,6.83
9/13/2012,6.47,6.65,6.88
9/12/2012,6.51,6.66,6.85
9/11/2012,6.5,6.67,6.89
9/10/2012,6.52,6.68,6.91
9/7/2012,6.52,6.68,6.91
9/6/2012,6.56,6.7,6.92
9/5/2012,6.57,6.71,6.91
9/4/2012,6.57,6.72,6.93
9/3/2012,6.55,6.71,6.91
8/31/2012,6.54,6.69,6.91
8/30/2012,6.57,6.72,6.91
8/29/2012,6.56,6.69,6.91
8/28/2012,6.57,6.72,6.91
8/27/2012,6.57,6.74,6.91
8/24/2012,6.59,6.74,6.92
8/23/2012,6.61,6.79,6.94
8/22/2012,6.58,6.76,6.93
8/21/2012,6.6,6.77,6.91
8/20/2012,6.6,6.77,6.92
8/17/2012,6.61,6.75,6.92
8/16/2012,6.61,6.78,6.95
8/14/2012,6.68,6.8,6.98
8/13/2012,6.53,6.74,6.92
8/10/2012,6.53,6.7,6.91
8/9/2012,6.5,6.69,6.9
8/8/2012,6.46,6.69,6.89
8/7/2012,6.42,6.63,6.86
8/6/2012,6.37,6.58,6.76
8/3/2012,6.34,6.56,6.76
8/2/2012,6.27,6.52,6.72
8/1/2012,6.28,6.54,6.74
7/31/2012,6.29,6.53,6.73
7/30/2012,6.3,6.54,6.73
7/27/2012,6.34,6.55,6.75
7/26/2012,6.35,6.57,6.75
7/25/2012,6.35,6.57,6.77
7/24/2012,6.36,6.58,6.77
7/23/2012,6.36,6.57,6.77
7/20/2012,6.35,6.57,6.77
7/19/2012,6.37,6.57,6.77
7/18/2012,6.36,6.57,6.8
7/17/2012,6.38,6.57,6.8
7/16/2012,6.39,6.55,6.8
7/13/2012,6.4,6.58,6.82
7/12/2012,6.36,6.56,6.78
7/11/2012,6.38,6.55,6.8
7/10/2012,6.38,6.56,6.8
7/9/2012,6.36,6.55,6.78
7/6/2012,6.36,6.55,6.78
7/5/2012,6.33,6.47,6.76
7/4/2012,6.31,6.46,6.74
7/3/2012,6.29,6.45,6.71
7/2/2012,6.31,6.47,6.75
6/29/2012,6.31,6.48,6.73
6/28/2012,6.33,6.47,6.76
6/27/2012,6.33,6.49,6.76
6/26/2012,6.34,6.5,6.75
6/25/2012,6.34,6.5,6.78
6/22/2012,6.33,6.49,6.78
6/21/2012,6.34,6.48,6.77
6/20/2012,6.35,6.49,6.77
6/19/2012,6.34,6.47,6.76
6/18/2012,6.35,6.49,6.76
6/15/2012,6.35,6.49,6.79
6/14/2012,6.35,6.49,6.76
6/13/2012,6.34,6.49,6.79
6/12/2012,6.33,6.49,6.77
6/11/2012,6.33,6.48,6.78
6/8/2012,6.34,6.47,6.78
6/7/2012,6.34,6.47,6.78
6/6/2012,6.36,6.49,6.79
6/5/2012,6.41,6.5,6.83
6/1/2012,6.34,6.49,6.79
5/31/2012,6.32,6.47,6.76
5/30/2012,6.32,6.46,6.76
5/29/2012,6.33,6.48,6.79
5/28/2012,6.3,6.46,6.75
5/25/2012,6.32,6.47,6.76
5/24/2012,6.29,6.46,6.77
5/23/2012,6.29,6.43,6.76
5/22/2012,6.26,6.4,6.74
5/21/2012,6.29,6.41,6.76
5/18/2012,6.3,6.43,6.78
5/17/2012,6.29,6.44,6.76
5/16/2012,6.29,6.44,6.75
5/15/2012,6.24,6.36,6.68
5/14/2012,6.17,6.3,6.63
5/11/2012,6.15,6.29,6.61
5/10/2012,6.15,6.28,6.62
5/9/2012,6.14,6.27,6.6
5/8/2012,6.13,6.28,6.62
5/7/2012,6.14,6.3,6.62
5/4/2012,6.13,6.29,6.62
5/3/2012,6.14,6.29,6.62
5/2/2012,6.13,6.29,6.62
4/30/2012,6.13,6.29,6.61
4/27/2012,6.06,6.24,6.57
4/26/2012,6.06,6.22,6.58
4/25/2012,6.07,6.24,6.59
4/24/2012,6.07,6.25,6.57
4/23/2012,6.06,6.25,6.59
4/20/2012,6.06,6.17,6.59
4/19/2012,6.08,6.18,6.59
4/18/2012,6.06,6.17,6.58
4/17/2012,6.07,6.18,6.58
4/13/2012,6.07,6.18,6.58
4/12/2012,6.05,6.16,6.58
4/11/2012,6.05,6.17,6.57
4/10/2012,6.08,6.19,6.59
4/9/2012,6.08,6.19,6.56
4/6/2012,6.08,6.21,6.58
4/5/2012,6.06,6.2,6.58
4/4/2012,6.09,6.25,6.62
4/3/2012,6.11,6.29,6.66
4/2/2012,6.14,6.32,6.7
3/30/2012,6.15,6.35,6.74
3/29/2012,6.19,6.37,6.78
3/28/2012,6.22,6.43,6.82
3/27/2012,6.22,6.44,6.81
3/26/2012,6.22,6.44,6.84
3/23/2012,6.24,6.45,6.82
3/22/2012,6.25,6.46,6.84
3/21/2012,6.23,6.48,6.84
3/20/2012,6.22,6.46,6.83
3/19/2012,6.2,6.49,6.84
3/16/2012,6.2,6.48,6.83
3/15/2012,6.19,6.5,6.83
3/14/2012,6.21,6.51,6.82
3/13/2012,6.22,6.52,6.83
3/12/2012,6.22,6.51,6.83
3/9/2012,6.22,6.5,6.83
3/8/2012,6.23,6.49,6.82
3/7/2012,6.27,6.56,6.84
3/6/2012,6.36,6.63,6.92
3/5/2012,6.41,6.65,6.9
3/2/2012,6.43,6.69,6.93
3/1/2012,6.58,6.78,7.04
2/29/2012,6.61,6.81,7.08
2/28/2012,6.64,6.89,7.13
2/27/2012,6.73,6.92,7.15
2/24/2012,6.74,6.97,7.17
2/23/2012,6.78,7.01,7.19
2/22/2012,6.76,6.98,7.19
2/21/2012,6.77,6.97,7.19
2/20/2012,6.74,6.98,7.18
2/17/2012,6.81,7.04,7.22
2/16/2012,6.88,7.11,7.3
2/15/2012,6.87,7.12,7.28
2/14/2012,6.87,7.13,7.28
2/13/2012,6.88,7.14,7.28
2/10/2012,6.86,7.15,7.28
2/9/2012,6.88,7.14,7.3
2/8/2012,6.9,7.14,7.33
2/7/2012,6.92,7.14,7.3
2/6/2012,6.97,7.2,7.37
2/3/2012,6.95,7.2,7.36
2/2/2012,7.01,7.15,7.36
2/1/2012,7.02,7.2,7.38
1/31/2012,7.02,7.21,7.38
1/30/2012,7.02,7.21,7.39
1/27/2012,7.02,7.2,7.38
1/26/2012,7.03,7.17,7.38
1/25/2012,7.05,7.21,7.4
1/24/2012,7.04,7.2,7.38
1/23/2012,7.03,7.19,7.38
1/20/2012,7.03,7.19,7.39
1/19/2012,7.08,7.22,7.39
1/18/2012,7.09,7.25,7.38
1/17/2012,7.09,7.26,7.4
1/16/2012,7.09,7.26,7.38
1/13/2012,7.11,7.26,7.38
1/12/2012,7.17,7.31,7.42
1/11/2012,7.15,7.3,7.4
1/10/2012,7.18,7.32,7.43
1/9/2012,7.17,7.32,7.42
1/6/2012,7.18,7.32,7.42
1/5/2012,7.2,7.33,7.43
1/4/2012,7.27,7.39,7.47
12/30/2011,7.36,7.47,7.55
12/29/2011,7.36,7.47,7.52
12/28/2011,7.36,7.48,7.52
12/27/2011,7.36,7.45,7.55
12/23/2011,7.34,7.46,7.52
12/22/2011,7.4,7.53,7.64
12/21/2011,7.43,7.56,7.65
12/20/2011,7.46,7.56,7.65
12/19/2011,7.44,7.58,7.67
12/16/2011,7.5,7.59,7.69
12/15/2011,7.53,7.62,7.7
12/14/2011,7.53,7.64,7.71
12/13/2011,7.53,7.63,7.71
12/12/2011,7.54,7.64,7.7
12/9/2011,7.54,7.64,7.71
12/8/2011,7.58,7.67,7.73
12/7/2011,7.58,7.67,7.74
12/6/2011,7.58,7.67,7.74
12/5/2011,7.58,7.67,7.73
12/2/2011,7.58,7.67,7.73
11/30/2011,7.59,7.67,7.74
11/29/2011,7.58,7.67,7.74
11/28/2011,7.57,7.67,7.75
11/25/2011,7.57,7.67,7.74
11/24/2011,7.54,7.65,7.73
11/23/2011,7.54,7.64,7.74
11/22/2011,7.54,7.64,7.73
11/21/2011,7.54,7.63,7.73
11/18/2011,7.54,7.65,7.74
11/17/2011,7.54,7.65,7.74
11/16/2011,7.55,7.64,7.73
11/15/2011,7.48,7.57,7.68
11/14/2011,7.46,7.58,7.67
11/11/2011,7.47,7.59,7.67
11/10/2011,7.46,7.59,7.68
11/9/2011,7.5,7.6,7.69
11/8/2011,7.47,7.6,7.66
11/7/2011,7.5,7.62,7.71
11/4/2011,7.53,7.64,7.74
11/3/2011,7.54,7.65,7.76
11/2/2011,7.57,7.66,7.74
11/1/2011,7.57,7.65,7.74
10/31/2011,7.57,7.66,7.74
10/28/2011,7.56,7.66,7.74
10/27/2011,7.58,7.66,7.75
10/26/2011,7.58,7.67,7.75
10/25/2011,7.59,7.68,7.77
10/24/2011,7.58,7.67,7.75
10/21/2011,7.6,7.67,7.76
10/20/2011,7.62,7.69,7.78
10/19/2011,7.62,7.69,7.79
10/18/2011,7.58,7.67,7.77
10/17/2011,7.62,7.69,7.77
10/14/2011,7.61,7.7,7.8
10/13/2011,7.61,7.67,7.78
10/12/2011,7.61,7.7,7.8
10/11/2011,7.63,7.71,7.79
10/10/2011,7.63,7.72,7.8
10/7/2011,7.66,7.71,7.8
10/6/2011,7.65,7.71,7.77
10/5/2011,7.65,7.71,7.79
10/4/2011,7.64,7.69,7.76
10/3/2011,7.61,7.67,7.75
9/30/2011,7.62,7.69,7.76
9/29/2011,7.62,7.7,7.78
9/28/2011,7.64,7.71,7.79
9/27/2011,7.67,7.72,7.81
9/26/2011,7.69,7.76,7.84
9/23/2011,7.63,7.69,7.79
9/22/2011,7.59,7.65,7.75
9/21/2011,7.55,7.62,7.73
9/20/2011,7.54,7.62,7.73
9/19/2011,7.55,7.63,7.73
9/16/2011,7.54,7.62,7.72
9/15/2011,7.59,7.65,7.73
9/14/2011,7.54,7.63,7.71
9/13/2011,7.51,7.59,7.69
9/12/2011,7.49,7.59,7.69
9/9/2011,7.51,7.61,7.69
9/8/2011,7.52,7.61,7.69
9/7/2011,7.51,7.61,7.69
9/6/2011,7.51,7.59,7.69
9/5/2011,7.52,7.59,7.68
9/2/2011,7.51,7.59,7.68
9/1/2011,7.52,7.6,7.69
8/31/2011,7.51,7.6,7.69
8/30/2011,7.51,7.59,7.69
8/29/2011,7.51,7.58,7.69
8/26/2011,7.51,7.58,7.69
8/25/2011,7.51,7.6,7.73
8/24/2011,7.52,7.59,7.68
8/23/2011,7.54,7.63,7.72
8/22/2011,7.6,7.69,7.78
8/19/2011,7.58,7.67,7.75
8/18/2011,7.4,7.51,7.62
8/17/2011,7.36,7.51,7.6
8/16/2011,7.37,7.51,7.61
8/12/2011,7.35,7.51,7.62
8/11/2011,7.33,7.49,7.61
8/10/2011,7.32,7.48,7.63
8/9/2011,7.32,7.48,7.61
8/8/2011,7.25,7.45,7.55
8/5/2011,7.26,7.46,7.56
8/4/2011,7.19,7.42,7.53
8/3/2011,7.18,7.38,7.53
8/2/2011,7.15,7.36,7.53
8/1/2011,7.16,7.36,7.53
7/29/2011,7.14,7.37,7.52
7/28/2011,7.18,7.38,7.52
7/27/2011,7.16,7.37,7.52
7/26/2011,7.17,7.4,7.52
7/25/2011,7.23,7.41,7.54
7/22/2011,7.22,7.4,7.53
7/21/2011,7.23,7.4,7.53
7/20/2011,7.24,7.41,7.53
7/19/2011,7.25,7.43,7.54
7/18/2011,7.25,7.43,7.54
7/15/2011,7.24,7.42,7.54
7/14/2011,7.25,7.42,7.54
7/13/2011,7.24,7.43,7.54
7/12/2011,7.25,7.45,7.55
7/11/2011,7.22,7.42,7.54
7/8/2011,7.22,7.41,7.53
7/7/2011,7.24,7.42,7.52
7/6/2011,7.26,7.42,7.53
7/5/2011,7.24,7.42,7.54
7/4/2011,7.28,7.44,7.53
7/1/2011,7.28,7.44,7.54
6/30/2011,7.3,7.45,7.54
6/29/2011,7.29,7.44,7.53
6/28/2011,7.29,7.44,7.53
6/27/2011,7.29,7.45,7.54
6/24/2011,7.29,7.45,7.54
6/23/2011,7.3,7.45,7.54
6/22/2011,7.32,7.46,7.54
6/21/2011,7.32,7.47,7.53
6/20/2011,7.33,7.47,7.54
6/17/2011,7.32,7.46,7.53
6/16/2011,7.3,7.42,7.51
6/15/2011,7.28,7.38,7.5
6/14/2011,7.28,7.39,7.5
6/10/2011,7.28,7.4,7.51
6/9/2011,7.31,7.4,7.52
6/8/2011,7.33,7.41,7.52
6/7/2011,7.36,7.43,7.54
6/6/2011,7.37,7.44,7.54
6/3/2011,7.37,7.43,7.55
6/2/2011,7.38,7.44,7.54
6/1/2011,7.36,7.43,7.53
5/31/2011,7.36,7.43,7.53
5/30/2011,7.36,7.43,7.52
5/27/2011,7.37,7.44,7.51
5/26/2011,7.36,7.44,7.51
5/25/2011,7.36,7.43,7.5
5/24/2011,7.39,7.45,7.52
5/23/2011,7.39,7.45,7.52
5/20/2011,7.36,7.43,7.52
5/19/2011,7.37,7.44,7.52
5/18/2011,7.37,7.44,7.5
5/17/2011,7.37,7.45,7.52
5/16/2011,7.37,7.45,7.52
5/13/2011,7.36,7.44,7.52
5/12/2011,7.36,7.43,7.51
5/11/2011,7.36,7.44,7.5
5/10/2011,7.37,7.45,7.52
5/9/2011,7.41,7.47,7.52
5/6/2011,7.37,7.45,7.5
5/5/2011,7.4,7.46,7.51
5/4/2011,7.4,7.46,7.5
5/3/2011,7.4,7.47,7.52
5/2/2011,7.4,7.47,7.52
4/29/2011,7.41,7.47,7.52
4/28/2011,7.41,7.47,7.51
4/27/2011,7.4,7.46,7.52
4/26/2011,7.4,7.47,7.51
4/22/2011,7.4,7.47,7.49
4/21/2011,7.39,7.46,7.55
4/20/2011,7.39,7.47,7.55
4/19/2011,7.38,7.45,7.51
4/18/2011,7.37,7.46,7.52
4/15/2011,7.39,7.46,7.51
4/14/2011,7.37,7.44,7.49
4/13/2011,7.37,7.43,7.49
4/12/2011,7.35,7.42,7.48
4/11/2011,7.36,7.42,7.48
4/8/2011,7.34,7.43,7.49
4/7/2011,7.33,7.42,7.48
4/6/2011,7.35,7.43,7.49
4/5/2011,7.33,7.42,7.48
4/4/2011,7.34,7.43,7.49
4/1/2011,7.35,7.43,7.49
3/31/2011,7.35,7.44,7.49
3/30/2011,7.35,7.43,7.49
3/29/2011,7.35,7.43,7.49
3/28/2011,7.37,7.43,7.49
3/25/2011,7.37,7.43,7.5
3/24/2011,7.38,7.44,7.5
3/23/2011,7.4,7.44,7.52
3/22/2011,7.4,7.45,7.53
3/21/2011,7.41,7.46,7.53
3/18/2011,7.41,7.46,7.52
3/17/2011,7.33,7.39,7.48
3/16/2011,7.35,7.4,7.48
3/15/2011,7.34,7.39,7.47
3/14/2011,7.35,7.4,7.48
3/11/2011,7.34,7.39,7.47
3/10/2011,7.34,7.39,7.47
3/9/2011,7.34,7.39,7.46
3/8/2011,7.33,7.39,7.46
3/7/2011,7.35,7.4,7.47
3/4/2011,7.34,7.4,7.46
3/3/2011,7.36,7.4,7.48
3/2/2011,7.34,7.39,7.47
3/1/2011,7.35,7.4,7.47
2/28/2011,7.35,7.4,7.48
2/25/2011,7.35,7.4,7.48
2/24/2011,7.34,7.39,7.47
2/23/2011,7.35,7.4,7.5
2/22/2011,7.35,7.4,7.49
2/21/2011,7.33,7.36,7.46
2/18/2011,7.33,7.38,7.46
2/17/2011,7.33,7.38,7.49
2/16/2011,7.37,7.41,7.51
2/15/2011,7.33,7.37,7.42
2/14/2011,7.27,7.31,7.4
2/11/2011,7.26,7.3,7.39
2/10/2011,7.24,7.28,7.4
2/9/2011,7.24,7.29,7.38
2/8/2011,7.22,7.26,7.36
2/7/2011,7.2,7.24,7.36
2/4/2011,7.21,7.24,7.36
2/3/2011,7.19,7.24,7.33
2/2/2011,7.18,7.25,7.35
2/1/2011,7.17,7.25,7.35
1/31/2011,7.16,7.23,7.34
1/28/2011,7.16,7.22,7.33
1/27/2011,7.13,7.22,7.32
1/26/2011,7.13,7.21,7.34
1/25/2011,7.13,7.2,7.33
1/24/2011,7.13,7.22,7.32
1/21/2011,7.13,7.24,7.29
1/20/2011,7.13,7.26,7.32
1/19/2011,7.13,7.23,7.32
1/18/2011,7.13,7.23,7.32
1/17/2011,7.12,7.29,7.36
1/14/2011,7.11,7.29,7.39
1/13/2011,7.17,7.26,7.38
1/12/2011,7.25,7.34,7.38
1/11/2011,7.24,7.32,7.37
1/10/2011,7.27,7.35,7.44
